index,race_id,horse_id,won,y_predict,top_prediction,accuracy,win_dividend1,num_horses,gains
8,5078,1918,0,0.5567069654669672,1,False,4.4,14,-100.0
22,5079,696,0,0.3627490161782274,1,False,42.7,14,-100.0
39,5080,600,0,0.2633464528298024,1,False,12.95,14,-100.0
45,5081,1525,1,0.3969016578438956,1,True,2.3,12,229.99999999999997
59,5082,2636,0,0.22804154469902196,1,False,16.75,12,-100.0
66,5083,2581,0,0.23438747076852415,1,False,6.4,12,-100.0
86,5084,3718,0,0.19943739637983912,1,False,6.1,12,-100.0
91,5085,2423,0,0.22766980113635701,1,False,13.4,12,-100.0
111,5086,3572,0,0.3569175076396792,1,False,5.75,12,-100.0
121,5087,530,1,0.13952222897792835,1,True,6.55,12,655.0
134,5088,2578,0,0.3096554527539186,1,False,9.15,11,-100.0
141,5089,958,1,0.18788452366655606,1,True,3.6,14,360.0
152,5090,2903,0,0.23677683155221943,1,False,29.65,14,-100.0
169,5091,2097,0,0.2786706871911476,1,False,22.9,12,-100.0
177,5092,325,1,0.33715149127636845,1,True,3.1,14,310.0
196,5093,1753,0,0.32415929376680197,1,False,4.4,13,-100.0
206,5094,867,0,0.145402860357933,1,False,41.9,14,-100.0
225,5095,4024,0,0.22866041539878915,1,False,7.9,14,-100.0
235,5096,167,0,0.4024099114809643,1,False,7.65,12,-100.0
248,5097,1574,1,0.246538442571424,1,True,2.75,14,275.0
265,5098,4196,1,0.2154384331076516,1,True,4.75,14,475.0
279,5099,2300,0,0.17743465795538063,1,False,7.3,12,-100.0
287,5100,1140,0,0.23750544979629967,1,False,8.3,12,-100.0
300,5101,3071,1,0.25834889595048,1,True,3.2,12,320.0
317,5102,3893,0,0.23564120842418487,1,False,4.55,12,-100.0
327,5103,327,0,0.2659914827733505,1,False,13.95,12,-100.0
338,5104,1702,0,0.31518039839669254,1,False,6.65,12,-100.0
351,5105,2732,0,0.39744794613745976,1,False,3.0,11,-100.0
358,5106,983,0,0.28792845430074254,1,False,10.35,12,-100.0
377,5107,998,1,0.3258704961619449,1,True,4.1,14,409.99999999999994
385,5108,4194,0,0.17593060156702267,1,False,7.15,14,-100.0
403,5109,1432,0,0.2501925048091846,1,False,6.5,12,-100.0
416,5110,844,1,0.2412807487750758,1,True,3.1,14,310.0
428,5111,309,0,0.389396200604146,1,False,2.8,14,-100.0
437,5112,1879,1,0.44494657004663823,1,True,1.65,13,165.0
451,5113,3047,0,0.20112941100487577,1,False,14.6,10,-100.0
461,5114,691,0,0.40142578892602165,1,False,15.15,12,-100.0
473,5115,2651,1,0.2731706187139218,1,True,2.6,13,260.0
496,5116,3754,1,0.3636149424687581,1,True,2.65,14,265.0
505,5117,1908,0,0.5167472818284717,1,False,11.85,12,-100.0
509,5118,3665,1,0.3673954923558633,1,True,2.55,12,254.99999999999997
522,5119,3871,0,0.32281941621182164,1,False,3.7,12,-100.0
539,5120,3192,1,0.2733139968793836,1,True,3.35,12,335.0
553,5121,3920,0,0.22292042762351455,1,False,4.2,12,-100.0
566,5122,2592,0,0.31794791728315996,1,False,10.05,12,-100.0
578,5123,1752,1,0.33901701972964143,1,True,2.0,12,200.0
592,5124,322,0,0.3748177437296193,1,False,8.55,12,-100.0
595,5125,839,0,0.19241818464541383,1,False,10.65,9,-100.0
605,5126,1617,0,0.17716536271204922,1,False,7.4,14,-100.0
616,5127,3864,0,0.21093022413233367,1,False,10.5,14,-100.0
637,5128,3639,1,0.2812500824989243,1,True,2.85,13,285.0
646,5129,2590,0,0.3073823519889702,1,False,17.45,14,-100.0
667,5130,1885,0,0.35033700757417713,1,False,6.25,14,-100.0
679,5131,696,1,0.30489506367560304,1,True,2.85,14,285.0
685,5132,1033,1,0.8759135492561247,1,True,1.25,6,125.0
691,5133,1792,0,0.3615221963119026,1,False,16.5,14,-100.0
715,5134,3336,1,0.5120309061441424,1,True,1.7,14,170.0
721,5135,419,0,0.4253755138545403,1,False,3.65,14,-100.0
742,5136,4192,0,0.19498403998748748,1,False,10.2,12,-100.0
745,5137,3028,0,0.2643485844379232,1,False,7.1,12,-100.0
765,5138,1231,0,0.33609444488132595,1,False,29.0,11,-100.0
778,5139,1525,0,0.3473336761514668,1,False,15.9,12,-100.0
782,5140,2533,0,0.2584785940794993,1,False,8.8,12,-100.0
792,5141,2593,0,0.40169513602249374,1,False,6.65,12,-100.0
812,5142,325,1,0.19285694903355569,1,True,4.8,12,480.0
819,5143,1921,0,0.24153504704708184,1,False,67.4,12,-100.0
838,5144,4282,1,0.16190151683328638,1,True,5.15,14,515.0
846,5145,2734,1,0.18588803284149252,1,True,2.2,12,220.00000000000003
859,5146,3971,1,0.40341663788472154,1,True,2.1,14,210.0
868,5147,555,0,0.2367647615082784,1,False,16.35,14,-100.0
882,5148,2189,0,0.20606914627578837,1,False,8.8,14,-100.0
900,5149,3751,0,0.2070426362303365,1,False,21.05,14,-100.0
911,5150,3050,0,0.2405027889057509,1,False,6.05,14,-100.0
927,5151,1474,0,0.3565033688546246,1,False,9.35,12,-100.0
936,5152,987,0,0.16815713635608326,1,False,7.85,13,-100.0
956,5153,2554,0,0.3532005373689776,1,False,6.9,14,-100.0
963,5154,3307,1,0.2241829971957,1,True,2.75,11,275.0
976,5155,963,0,0.19022089510669127,1,False,5.0,11,-100.0
993,5156,327,0,0.2808687033406995,1,False,3.6,12,-100.0
998,5157,3210,1,0.18076181218281717,1,True,4.6,12,459.99999999999994
1010,5158,3796,0,0.25918548012603426,1,False,51.9,12,-100.0
1024,5159,85,0,0.27657425648378053,1,False,5.5,12,-100.0
1044,5160,3022,0,0.23477444928957092,1,False,5.65,12,-100.0
1050,5161,1917,0,0.1995876639337512,1,False,7.65,12,-100.0
1059,5162,3211,0,0.30584891140051973,1,False,6.7,12,-100.0
1081,5163,2105,0,0.25905107185362763,1,False,5.15,14,-100.0
1090,5164,3510,0,0.1879567003971575,1,False,5.9,12,-100.0
1096,5165,210,1,0.24385941569567154,1,True,3.3,14,330.0
1114,5166,2402,0,0.26148192432170003,1,False,3.2,12,-100.0
1121,5167,1561,1,0.4284941570380564,1,True,1.9,14,190.0
1141,5168,600,0,0.2814798224030305,1,False,7.8,12,-100.0
1152,5169,4079,0,0.28356360788126556,1,False,21.3,14,-100.0
1165,5170,218,0,0.37855068330429636,1,False,6.0,14,-100.0
1181,5171,1031,0,0.5323410545327311,1,False,13.4,12,-100.0
1188,5172,1977,0,0.32474318534314106,1,False,6.05,12,-100.0
1203,5173,3016,0,0.28554608996400166,1,False,3.45,12,-100.0
1211,5174,1710,0,0.18937267949195533,1,False,5.15,12,-100.0
1229,5175,1603,0,0.2596374460791552,1,False,6.65,12,-100.0
1237,5176,3871,0,0.16274718744462174,1,False,2.4,12,-100.0
1251,5177,3926,0,0.2521876344988585,1,False,7.05,12,-100.0
1268,5178,322,0,0.33327630965583194,1,False,6.95,12,-100.0
1274,5179,3266,1,0.33882036432566204,1,True,3.15,12,315.0
1293,5180,2716,1,0.20069270925364222,1,True,3.6,12,360.0
1302,5181,2608,1,0.2737786712939067,1,True,2.55,12,254.99999999999997
1309,5182,18,0,0.2392409548309912,1,False,16.55,14,-100.0
1323,5183,844,1,0.2945566145876218,1,True,1.9,12,190.0
1344,5184,1468,0,0.25217781000743084,1,False,245.45,14,-100.0
1355,5185,3333,0,0.19759010804300287,1,False,6.5,12,-100.0
1368,5186,2587,0,0.1828067529887587,1,False,5.8,14,-100.0
1384,5187,3043,1,0.19199373520319868,1,True,12.7,13,1270.0
1388,5188,4024,0,0.2673981489435794,1,False,9.95,14,-100.0
1409,5189,3509,0,0.5139208531126042,1,False,19.25,12,-100.0
1419,5190,2248,0,0.22835181604201546,1,False,11.15,13,-100.0
1429,5191,24,1,0.27128048221724366,1,True,2.85,14,285.0
1449,5192,3920,0,0.1735878991818518,1,False,5.5,13,-100.0
1454,5193,2862,0,0.3944842823606965,1,False,5.4,10,-100.0
1468,5194,3799,0,0.4778193910630815,1,False,5.7,12,-100.0
1479,5195,115,1,0.25466835222698914,1,True,4.15,14,415.00000000000006
1493,5196,2835,0,0.2535548176377185,1,False,13.55,12,-100.0
1506,5197,3751,0,0.3498731959137103,1,False,16.5,14,-100.0
1518,5198,1464,0,0.3186883864067521,1,False,5.35,13,-100.0
1539,5199,2623,1,0.22565743055496423,1,True,3.8,14,380.0
1541,5200,3334,1,0.5483134182963548,1,True,1.55,14,155.0
1568,5201,30,0,0.1428540199089051,1,False,10.6,14,-100.0
1572,5202,2734,0,0.26487695604416805,1,False,22.2,14,-100.0
1589,5203,1038,0,0.21853877305281239,1,False,4.85,14,-100.0
1599,5204,1574,1,0.42386845675559315,1,True,1.7,14,170.0
1611,5205,3924,0,0.26639984998602684,1,False,7.65,8,-100.0
1629,5206,3639,1,0.41878266242713946,1,True,1.3,14,130.0
1645,5207,1792,1,0.22048815687134435,1,True,3.45,14,345.0
1654,5208,1879,1,0.3877619927654179,1,True,2.3,14,229.99999999999997
1669,5209,321,1,0.307278768769743,1,True,3.55,11,355.0
1676,5210,1296,1,0.37957869184356735,1,True,2.5,12,250.0
1691,5211,1978,0,0.2143532714235691,1,False,3.9,12,-100.0
1696,5212,4336,1,0.37434982442273784,1,True,3.4,12,340.0
1712,5213,3871,0,0.30730408043424073,1,False,14.35,12,-100.0
1730,5214,3022,0,0.18722332122677682,1,False,7.9,12,-100.0
1743,5215,2237,0,0.21809129703898858,1,False,17.2,12,-100.0
1747,5216,1469,1,0.22407619401644382,1,True,3.9,12,390.0
1762,5217,3337,1,0.2463719771020861,1,True,2.3,14,229.99999999999997
1774,5218,743,1,0.27089415190898836,1,True,4.1,14,409.99999999999994
1789,5219,4327,1,0.27375879123246705,1,True,2.35,14,235.0
1803,5220,690,0,0.30335744735521125,1,False,52.3,14,-100.0
1820,5221,607,0,0.3700900730266257,1,False,4.3,12,-100.0
1824,5222,1622,0,0.43978712091574673,1,False,5.4,14,-100.0
1840,5223,1152,0,0.37652646655803024,1,False,3.45,9,-100.0
1854,5224,3272,0,0.20714832534565492,1,False,26.9,14,-100.0
1862,5225,407,0,0.21397587704549825,1,False,8.25,14,-100.0
1876,5226,3336,0,0.40736532966320527,1,False,7.2,14,-100.0
1897,5227,1680,0,0.3369928114272655,1,False,32.25,12,-100.0
1904,5228,3363,0,0.2692193418099421,1,False,17.4,12,-100.0
1913,5229,2960,0,0.2939488158288119,1,False,15.35,11,-100.0
1928,5230,1239,0,0.3899529430051516,1,False,6.1,12,-100.0
1937,5231,3503,1,0.4734590700323998,1,True,1.95,12,195.0
1959,5232,1140,1,0.16482837485789884,1,True,5.85,12,585.0
1967,5233,322,0,0.34129836959613985,1,False,9.45,12,-100.0
1981,5234,3771,1,0.3402378107164115,1,True,3.0,12,300.0
1985,5235,3075,0,0.25475282420295264,1,False,6.65,12,-100.0
2003,5236,3672,0,0.23558802922054783,1,False,5.85,14,-100.0
2011,5237,3967,0,0.20996646976305683,1,False,6.25,14,-100.0
2031,5238,1655,0,0.2658053680486141,1,False,3.45,12,-100.0
2043,5239,981,0,0.2559200247442285,1,False,42.5,14,-100.0
2062,5240,1468,1,0.3760362446776063,1,True,2.6,14,260.0
2064,5241,218,0,0.45293659899973776,1,False,8.55,13,-100.0
2081,5242,1792,0,0.49662102001065545,1,False,20.15,9,-100.0
2096,5243,4131,0,0.24129296906268588,1,False,11.2,14,-100.0
2100,5244,2580,0,0.368685749821827,1,False,6.05,14,-100.0
2121,5245,1574,0,0.37747756284197004,1,False,3.8,12,-100.0
2136,5246,1908,0,0.1856684351531069,1,False,6.8,12,-100.0
2139,5247,3761,1,0.32227982673553446,1,True,2.0,12,200.0
2153,5248,2593,1,0.3346394579610543,1,True,2.0,8,200.0
2164,5249,3210,0,0.23271566619071765,1,False,4.55,12,-100.0
2172,5250,3718,0,0.22133665776906572,1,False,23.4,12,-100.0
2184,5251,3145,0,0.44237311999049655,1,False,7.45,12,-100.0
2194,5252,2579,0,0.30457061275985486,1,False,8.2,12,-100.0
2213,5253,3332,0,0.4442782510963508,1,False,13.2,12,-100.0
2227,5254,2623,1,0.36889210309076614,1,True,2.4,14,240.0
2238,5255,4096,0,0.2590376498464392,1,False,5.35,12,-100.0
2249,5256,4266,0,0.23883712763751236,1,False,4.4,12,-100.0
2266,5257,24,0,0.3478295880628516,1,False,4.7,14,-100.0
2273,5258,833,1,0.23800864779984007,1,True,2.7,14,270.0
2285,5259,2734,0,0.2969529558189423,1,False,26.45,14,-100.0
2298,5260,3639,1,0.23093302421603126,1,True,1.6,12,160.0
2317,5261,3043,0,0.27167946715410524,1,False,32.45,14,-100.0
2331,5262,3525,1,0.11423221584346344,1,True,5.75,12,575.0
2337,5263,2106,0,0.33503559517564374,1,False,11.45,12,-100.0
2353,5264,3510,0,0.3569638504460268,1,False,11.15,11,-100.0
2367,5265,3402,0,0.1764356124553767,1,False,6.25,12,-100.0
2379,5266,518,0,0.2611466908612574,1,False,3.5,12,-100.0
2392,5267,3572,1,0.23900944624536716,1,True,3.5,11,350.0
2401,5268,2271,0,0.2160073676917761,1,False,6.25,12,-100.0
2408,5269,36,0,0.2586343236390612,1,False,9.05,12,-100.0
2423,5270,2403,1,0.2921895415339192,1,True,2.85,11,285.0
2437,5271,1264,1,0.22264640616353557,1,True,3.2,11,320.0
2446,5272,107,0,0.2926980114546101,1,False,23.75,12,-100.0
2456,5273,1427,0,0.2459628468810847,1,False,43.6,14,-100.0
2469,5274,1038,1,0.43949746169299386,1,True,2.0,14,200.0
2488,5275,607,0,0.37729547261712043,1,False,6.75,12,-100.0
2495,5276,981,1,0.2871441488191786,1,True,3.45,14,345.0
2506,5277,4274,0,0.4359492445418263,1,False,16.45,14,-100.0
2520,5278,1037,1,0.42701773592780357,1,True,1.65,14,165.0
2539,5279,3512,0,0.3450972635858842,1,False,3.6,12,-100.0
2547,5280,1090,1,0.24857835539089168,1,True,4.45,14,445.0
2573,5281,1588,1,0.6174062626534592,1,True,1.6,14,160.0
2578,5282,2716,1,0.3168931968684814,1,True,1.65,11,165.0
2586,5283,3672,0,0.3517146613071781,1,False,9.95,13,-100.0
2598,5284,17,0,0.2900368109603637,1,False,5.65,6,-100.0
2614,5285,168,0,0.2229809157003962,1,False,14.35,14,-100.0
2627,5286,1432,0,0.19837505088045498,1,False,6.65,14,-100.0
2640,5287,3464,0,0.34231849873506665,1,False,7.5,14,-100.0
2653,5288,1603,0,0.2684217711754616,1,False,5.9,14,-100.0
2660,5289,3216,1,0.5379269871123847,1,True,2.0,12,200.0
2676,5290,3337,1,0.35729870292243043,1,True,1.85,13,185.0
2688,5291,3754,1,0.5562210710585258,1,True,1.7,14,170.0
2700,5292,624,0,0.24574479887744613,1,False,6.5,14,-100.0
2715,5293,1601,1,0.6499958821188349,1,True,1.25,5,125.0
2718,5294,1,1,0.4474945945737966,1,True,1.65,14,165.0
2740,5295,2303,0,0.4848197533635413,1,False,17.75,11,-100.0
2747,5296,3020,0,0.35636205791015046,1,False,6.05,14,-100.0
2767,5297,607,0,0.17356820358745306,1,False,8.65,12,-100.0
2769,5298,1979,0,0.1934638551500346,1,False,9.55,14,-100.0
2787,5299,419,0,0.4356183260639539,1,False,7.85,14,-100.0
2803,5300,3751,0,0.16192011192035094,1,False,7.4,14,-100.0
2818,5301,4131,1,0.28413644285463246,1,True,4.3,14,430.0
2832,5302,2593,1,0.347546797940653,1,True,2.95,12,295.0
2840,5303,1918,0,0.24184115557387115,1,False,20.8,12,-100.0
2857,5304,1283,0,0.33151430008522503,1,False,8.1,12,-100.0
2867,5305,3960,1,0.3172254523283625,1,True,3.5,11,350.0
2875,5306,2427,0,0.260940852309096,1,False,5.55,12,-100.0
2888,5307,3022,0,0.2495124000325509,1,False,13.35,12,-100.0
2900,5308,4091,0,0.36459445482592223,1,False,20.65,12,-100.0
2919,5309,213,1,0.5567800619564977,1,True,1.5,12,150.0
2923,5310,2399,0,0.18181235160529918,1,False,7.4,12,-100.0
2935,5311,536,0,0.35211404995313283,1,False,52.6,12,-100.0
2944,5312,2106,0,0.3083623242580667,1,False,5.25,12,-100.0
2959,5313,2623,1,0.37866678081108524,1,True,2.3,14,229.99999999999997
2976,5314,2608,0,0.22284301218693467,1,False,19.4,14,-100.0
2993,5315,1124,0,0.1874868574101563,1,False,5.2,14,-100.0
3009,5316,2586,0,0.4255888540010246,1,False,12.6,14,-100.0
3018,5317,3333,1,0.34211918194196733,1,True,2.9,14,290.0
3030,5318,1468,0,0.2713299432843215,1,False,5.3,14,-100.0
3045,5319,1038,0,0.2408952463806211,1,False,5.7,14,-100.0
3059,5320,0,1,0.32993600113461097,1,True,3.5,14,350.0
3075,5321,2830,1,0.3427794127526791,1,True,2.4,11,240.0
3082,5322,1793,0,0.4056353325164308,1,False,5.85,14,-100.0
3095,5323,1588,1,0.4189335613762745,1,True,1.65,13,165.0
3118,5324,1908,0,0.1252332876890988,1,False,12.25,13,-100.0
3124,5325,1188,1,0.31797760680521014,1,True,2.1,12,210.0
3132,5326,1565,0,0.2694459682399988,1,False,7.3,11,-100.0
3143,5327,3425,0,0.2765632757110925,1,False,3.7,14,-100.0
3160,5328,4200,0,0.26450780540956276,1,False,23.85,14,-100.0
3178,5329,18,0,0.23036192854177678,1,False,3.7,13,-100.0
3185,5330,1879,1,0.4219773486010702,1,True,1.8,11,180.0
3198,5331,1312,0,0.2732571543258654,1,False,4.95,12,-100.0
3208,5332,2835,1,0.2545546757035096,1,True,2.55,13,254.99999999999997
3219,5333,987,1,0.2253047345846028,1,True,3.1,14,310.0
3238,5334,1289,0,0.23614795124148732,1,False,2.6,9,-100.0
3252,5335,3960,1,0.46590692061385197,1,True,3.05,11,305.0
3260,5336,954,0,0.24212584474519147,1,False,6.55,9,-100.0
3267,5337,166,0,0.31010062978537856,1,False,5.2,12,-100.0
3275,5338,2427,0,0.4411698768758806,1,False,29.6,11,-100.0
3292,5339,2271,0,0.3001359199679583,1,False,4.6,12,-100.0
3301,5340,1290,0,0.15192616929541747,1,False,5.65,10,-100.0
3309,5341,536,0,0.19239556836856825,1,False,6.4,12,-100.0
3327,5342,2756,1,0.538104786406028,1,True,2.15,9,215.0
3331,5343,3192,0,0.362982214341351,1,False,9.0,11,-100.0
3342,5344,305,0,0.2593040994983893,1,False,8.65,12,-100.0
3354,5345,1622,0,0.2732479937596193,1,False,11.55,12,-100.0
3367,5346,3971,0,0.3250349077136557,1,False,5.95,13,-100.0
3379,5347,3871,0,0.39926997363217076,1,False,16.7,12,-100.0
3395,5348,3751,0,0.3855667202367128,1,False,5.55,12,-100.0
3400,5349,3754,1,0.4360383343972423,1,True,1.65,12,165.0
3415,5350,2651,0,0.3123955202273477,1,False,5.75,11,-100.0
3430,5351,1561,0,0.17874378710886712,1,False,10.05,14,-100.0
3447,5352,1908,0,0.3483026646430109,1,False,13.7,12,-100.0
3453,5353,847,0,0.32728019089893057,1,False,27.3,12,-100.0
3462,5354,2963,0,0.2652352195103111,1,False,6.25,12,-100.0
3475,5355,1978,1,0.24789917625409724,1,True,2.8,12,280.0
3489,5356,536,0,0.3733764790937114,1,False,14.65,10,-100.0
3505,5357,3688,0,0.22114878604578986,1,False,4.55,12,-100.0
3513,5358,2838,1,0.44808156766639623,1,True,3.45,12,345.0
3523,5359,1464,0,0.2373969493699677,1,False,8.45,11,-100.0
3534,5360,928,0,0.3803398075754306,1,False,7.6,11,-100.0
3547,5361,1,0,0.33953584975893364,1,False,30.9,10,-100.0
3559,5362,661,1,0.6991496100416535,1,True,1.65,10,165.0
3566,5363,4282,0,0.21187751143035025,1,False,5.3,13,-100.0
3584,5364,1124,0,0.3513948362448089,1,False,12.15,11,-100.0
3596,5365,24,1,0.5147525788384915,1,True,1.9,12,190.0
3598,5366,1225,0,0.36365156538960597,1,False,3.4,13,-100.0
3620,5367,218,1,0.28903522722106845,1,True,2.25,12,225.0
3633,5368,2586,1,0.2836361730276683,1,True,3.35,14,335.0
3643,5369,3332,0,0.3100591553605948,1,False,12.4,14,-100.0
3653,5370,1841,1,0.2513573817015146,1,True,3.4,12,340.0
3671,5371,3688,0,0.2282546273569215,1,False,16.35,12,-100.0
3676,5372,2710,1,0.40447165804851154,1,True,2.35,12,235.0
3686,5373,1931,0,0.287098886015296,1,False,6.15,12,-100.0
3706,5374,695,1,0.39361160027789904,1,True,2.4,12,240.0
3717,5375,3861,0,0.24109301090455199,1,False,9.45,12,-100.0
3722,5376,4231,0,0.3752302533679085,1,False,9.7,12,-100.0
3744,5377,512,0,0.30670503115388503,1,False,3.9,12,-100.0
3748,5378,166,0,0.3819892365525371,1,False,15.0,11,-100.0
3762,5379,2799,0,0.3488378342274461,1,False,15.3,9,-100.0
3771,5380,631,0,0.29773864874527367,1,False,3.85,11,-100.0
3781,5381,1021,0,0.25225191698099614,1,False,6.05,14,-100.0
3799,5382,661,0,0.14512096819924938,1,False,10.65,14,-100.0
3807,5383,1695,0,0.19231613951750404,1,False,7.2,14,-100.0
3826,5384,1154,0,0.386595935541868,1,False,4.25,12,-100.0
3839,5385,3646,1,0.31792767975940484,1,True,2.7,14,270.0
3854,5386,2830,1,0.5287038908890284,1,True,2.0,14,200.0
3866,5387,2525,0,0.309984416779023,1,False,3.25,14,-100.0
3873,5388,3920,0,0.25533833419330565,1,False,66.4,14,-100.0
3900,5389,2107,1,0.2737032390894455,1,True,2.6,14,260.0
3910,5390,2608,1,0.3068849907058385,1,True,3.55,14,355.0
3926,5391,4266,1,0.341908000473231,1,True,3.4,14,340.0
3940,5392,1600,0,0.3730843409410663,1,False,31.75,14,-100.0
3953,5393,24,0,0.17085750294585372,1,False,5.35,14,-100.0
3964,5394,3798,0,0.2504176564955052,1,False,11.85,10,-100.0
3970,5395,3765,0,0.3123316230075087,1,False,8.75,11,-100.0
3980,5396,4131,0,0.3958341993974071,1,False,11.75,13,-100.0
3995,5397,1574,1,0.3037234601289085,1,True,2.85,14,285.0
4012,5398,4279,1,0.2307688507489951,1,True,3.45,9,345.0
4015,5399,1841,1,0.4688476473829776,1,True,1.9,12,190.0
4028,5400,2963,0,0.2696760983742359,1,False,17.75,11,-100.0
4044,5401,3572,0,0.2663042027716509,1,False,5.4,12,-100.0
4050,5402,2405,0,0.3321981737757954,1,False,11.1,12,-100.0
4071,5403,925,1,0.27481307186948317,1,True,3.35,12,335.0
4077,5404,927,1,0.34461679946889245,1,True,1.85,12,185.0
4095,5405,3052,0,0.2875394114311415,1,False,8.85,12,-100.0
4107,5406,4184,0,0.3416482273226702,1,False,38.7,12,-100.0
4109,5407,4225,0,0.36960520772416666,1,False,26.9,12,-100.0
4131,5408,3760,0,0.2568946437128016,1,False,3.2,13,-100.0
4140,5409,1949,0,0.26463476801998886,1,False,4.95,12,-100.0
4150,5410,315,0,0.31198049596603994,1,False,4.4,13,-100.0
4162,5411,1225,1,0.37057358004547747,1,True,1.55,12,155.0
4174,5412,3512,1,0.3136901861349431,1,True,3.75,12,375.0
4190,5413,218,0,0.5441784519766648,1,False,3.8,14,-100.0
4199,5414,3336,0,0.3354231702948957,1,False,2.6,12,-100.0
4219,5415,655,0,0.22067819947322423,1,False,3.35,14,-100.0
4231,5416,1298,1,0.25831613428582234,1,True,5.55,12,555.0
4235,5417,787,0,0.2515878514760335,1,False,8.55,12,-100.0
4257,5418,2584,0,0.4096518014998769,1,False,4.25,12,-100.0
4264,5419,1603,0,0.2788819623637273,1,False,7.7,10,-100.0
4280,5420,3875,0,0.34324539947001803,1,False,30.15,12,-100.0
4284,5421,536,0,0.2652960696756606,1,False,3.15,12,-100.0
4296,5422,547,0,0.48165772287235337,1,False,5.1,12,-100.0
4309,5423,563,0,0.3467129228702486,1,False,8.6,12,-100.0
4322,5424,84,1,0.2697627542134911,1,True,3.0,12,300.0
4330,5425,153,1,0.2317396924289622,1,True,3.25,14,325.0
4354,5426,2219,1,0.424223596437392,1,True,2.6,12,260.0
4361,5427,4192,1,0.3969827733384591,1,True,3.65,14,365.0
4371,5428,305,1,0.2405020697772245,1,True,3.55,14,355.0
4391,5429,3433,0,0.39988237291571527,1,False,3.5,14,-100.0
4401,5430,2562,0,0.27402665654438635,1,False,11.3,13,-100.0
4410,5431,1515,0,0.3589334718686614,1,False,11.05,12,-100.0
4423,5432,2905,1,0.3584429083466625,1,True,2.75,12,275.0
4434,5433,2593,0,0.26552167495233014,1,False,34.95,13,-100.0
4452,5434,3332,0,0.32692463603952204,1,False,5.05,14,-100.0
4466,5435,1568,0,0.24359292869397894,1,False,3.1,12,-100.0
4473,5436,1974,0,0.2697807824035242,1,False,7.65,12,-100.0
4492,5437,695,1,0.44573215773489777,1,True,1.65,12,165.0
4505,5438,1,0,0.32200602332764033,1,False,3.7,12,-100.0
4512,5439,3052,0,0.3136070187068031,1,False,7.8,12,-100.0
4521,5440,1459,0,0.3930055623124944,1,False,22.3,12,-100.0
4538,5441,4129,0,0.2788852827061563,1,False,5.6,11,-100.0
4548,5442,1921,0,0.2606524923004744,1,False,9.55,12,-100.0
4558,5443,1977,1,0.2886605621073659,1,True,4.2,14,420.0
4570,5444,2740,1,0.4236359612017698,1,True,1.85,13,185.0
4588,5445,2799,0,0.31699798750770425,1,False,9.0,12,-100.0
4604,5446,3337,1,0.4079312632625096,1,True,2.1,14,210.0
4615,5447,4200,0,0.40958330917266056,1,False,17.55,14,-100.0
4632,5448,2623,1,0.4588497859379198,1,True,1.95,14,195.0
4643,5449,3483,0,0.30489429678744806,1,False,89.6,14,-100.0
4660,5450,2830,1,0.660733732721002,1,True,2.0,14,200.0
4667,5451,3728,0,0.41836407576220364,1,False,10.2,14,-100.0
4682,5452,3639,0,0.4366892651177475,1,False,7.4,14,-100.0
4701,5453,3510,1,0.46596337771410384,1,True,2.45,12,245.00000000000003
4712,5454,2493,0,0.32514559480325167,1,False,11.65,12,-100.0
4718,5455,1291,1,0.46563840978473325,1,True,2.05,12,204.99999999999997
4737,5456,3431,1,0.4661791951597045,1,True,2.2,11,220.00000000000003
4745,5457,1495,0,0.2932461988029944,1,False,3.4,12,-100.0
4757,5458,3625,0,0.3618968051804904,1,False,17.9,12,-100.0
4769,5459,3332,0,0.2593112878159505,1,False,8.4,12,-100.0
4776,5460,2403,0,0.2624103291514609,1,False,5.0,12,-100.0
4788,5461,322,0,0.31704077106595985,1,False,10.5,12,-100.0
4801,5462,3509,1,0.2655566042008206,1,True,2.95,12,295.0
4815,5463,2115,0,0.3108434872124547,1,False,8.45,13,-100.0
4825,5464,84,0,0.32097939057708247,1,False,4.45,12,-100.0
4839,5465,3264,0,0.16226703683593124,1,False,10.75,12,-100.0
4850,5466,3272,0,0.23365988827947082,1,False,4.25,13,-100.0
4868,5467,3471,0,0.23939508513737393,1,False,3.05,14,-100.0
4882,5468,2716,0,0.5567838173612535,1,False,3.15,12,-100.0
4894,5469,1432,0,0.22673666279389446,1,False,3.3,14,-100.0
4906,5470,1474,0,0.32156932853628917,1,False,10.45,11,-100.0
4918,5471,3757,0,0.42039261582039433,1,False,16.95,14,-100.0
4927,5472,1793,0,0.28526634991605815,1,False,32.65,14,-100.0
4949,5473,1225,0,0.46800570257270996,1,False,3.4,14,-100.0
4958,5474,692,0,0.21214741684551486,1,False,4.5,12,-100.0
4967,5475,2597,0,0.2630995218192389,1,False,5.3,12,-100.0
4987,5476,1283,1,0.3904182088861459,1,True,3.6,12,360.0
4991,5477,1980,0,0.27113137836442514,1,False,12.9,12,-100.0
5009,5478,2533,0,0.23158631485871356,1,False,21.6,12,-100.0
5023,5479,1841,0,0.5054822270519305,1,False,9.15,12,-100.0
5036,5480,3525,0,0.2720392982246067,1,False,4.6,12,-100.0
5040,5481,512,1,0.4308013578085054,1,True,2.2,12,220.00000000000003
5056,5482,1637,0,0.3106991619831885,1,False,11.05,12,-100.0
5068,5483,2718,0,0.2309114757043252,1,False,4.8,12,-100.0
5085,5484,730,0,0.24891769867171396,1,False,24.25,14,-100.0
5100,5485,955,1,0.4824195590132789,1,True,2.2,14,220.00000000000003
5115,5486,1021,1,0.25187624545684606,1,True,3.5,14,350.0
5119,5487,3764,1,0.27330033861683367,1,True,3.05,14,305.0
5144,5488,3433,0,0.30490237092121963,1,False,9.7,14,-100.0
5158,5489,1188,1,0.35017056945941216,1,True,2.2,14,220.00000000000003
5163,5490,1588,0,0.28582609160032524,1,False,18.3,14,-100.0
5174,5491,2586,0,0.3316835453885661,1,False,8.5,14,-100.0
5194,5492,874,0,0.28341491025705157,1,False,6.1,14,-100.0
5214,5493,1091,1,0.3106539969053862,1,True,5.45,14,545.0
5220,5494,607,1,0.3732860111467889,1,True,2.6,12,260.0
5230,5495,2861,0,0.314060769492851,1,False,4.3,12,-100.0
5239,5496,3272,1,0.20029671659043521,1,True,3.25,14,325.0
5263,5497,1586,0,0.30218564424129074,1,False,16.6,11,-100.0
5266,5498,3216,1,0.5850833133726246,1,True,1.6,14,160.0
5278,5499,2905,0,0.309368089064866,1,False,6.05,11,-100.0
5301,5500,1085,1,0.4050139859695887,1,True,3.45,14,345.0
5304,5501,1003,0,0.268602204449015,1,False,5.8,14,-100.0
5326,5502,4200,1,0.30390090870933506,1,True,3.85,14,385.0
5338,5503,638,0,0.29460459781988346,1,False,5.45,14,-100.0
5352,5504,549,0,0.22478728573531528,1,False,5.55,11,-100.0
5363,5505,2799,0,0.41556317949200133,1,False,5.65,14,-100.0
5372,5506,3044,1,0.33590652665682513,1,True,3.7,9,370.0
5379,5507,1033,0,0.45049588677283864,1,False,37.4,9,-100.0
5388,5508,2558,1,0.538513695231374,1,True,2.05,11,204.99999999999997
5412,5509,1807,0,0.328399517906536,1,False,7.45,14,-100.0
5417,5510,2402,1,0.4870214566458192,1,True,1.85,13,185.0
5429,5511,314,0,0.2380208124039744,1,False,5.4,12,-100.0
5442,5512,931,0,0.18915873935606095,1,False,15.6,12,-100.0
5455,5513,3016,0,0.36290916943939144,1,False,51.05,12,-100.0
5463,5514,1898,0,0.22649034910245663,1,False,15.5,12,-100.0
5483,5515,1,0,0.42588398307917175,1,False,10.4,12,-100.0
5495,5516,1281,0,0.2399891323646893,1,False,4.3,12,-100.0
5500,5517,925,1,0.49311840105330323,1,True,2.4,12,240.0
5514,5518,3052,0,0.3240183642155748,1,False,5.7,12,-100.0
5533,5519,1908,0,0.16466179410167445,1,False,12.65,13,-100.0
5535,5520,84,0,0.51334781135657,1,False,5.9,13,-100.0
5552,5521,3471,0,0.4441032148734959,1,False,4.25,12,-100.0
5560,5522,2740,1,0.38991441202421684,1,True,2.05,12,204.99999999999997
5577,5523,3433,0,0.32217804914811754,1,False,11.6,14,-100.0
5587,5524,3075,1,0.2710944282678995,1,True,3.0,14,300.0
5605,5525,2241,0,0.2556928038629829,1,False,15.85,14,-100.0
5623,5526,2503,0,0.3129974421290569,1,False,79.55,14,-100.0
5640,5527,4004,1,0.3640703185555863,1,True,2.85,13,285.0
5641,5528,3639,0,0.31221166783283355,1,False,11.75,14,-100.0
5655,5529,2528,1,0.3234184442739949,1,True,3.4,12,340.0
5673,5530,1283,0,0.3764586178516475,1,False,3.3,12,-100.0
5683,5531,413,0,0.26344625025090884,1,False,14.15,12,-100.0
5696,5532,2237,0,0.24267275915473777,1,False,7.15,12,-100.0
5704,5533,3431,0,0.17537236882332902,1,False,15.6,12,-100.0
5720,5534,2581,0,0.23295847411683343,1,False,5.65,12,-100.0
5734,5535,404,1,0.41758882052350393,1,True,2.55,12,254.99999999999997
5745,5536,1140,1,0.35745092329031813,1,True,3.1,11,310.0
5753,5537,246,1,0.31077222559489104,1,True,1.45,12,145.0
5762,5538,3974,0,0.4108637136063415,1,False,5.2,12,-100.0
5774,5539,3143,0,0.38904206136692,1,False,7.25,14,-100.0
5791,5540,3109,1,0.24898786314173701,1,True,2.6,12,260.0
5803,5541,1583,0,0.41511355413415985,1,False,7.55,11,-100.0
5820,5542,2811,0,0.1930093615430975,1,False,3.35,14,-100.0
5830,5543,418,0,0.3183718990878285,1,False,9.85,12,-100.0
5842,5544,2833,0,0.45183180734004014,1,False,4.05,14,-100.0
5851,5545,1031,1,0.45764688209027315,1,True,2.25,11,225.0
5863,5546,2586,1,0.36176075915359757,1,True,2.7,14,270.0
5889,5547,1586,0,0.3659717520480603,1,False,16.55,14,-100.0
5901,5548,816,1,0.39141521539191093,1,True,3.55,12,355.0
5904,5549,1555,0,0.18186717507950645,1,False,12.05,12,-100.0
5914,5550,4274,1,0.3423284879566117,1,True,3.3,12,330.0
5932,5551,2271,0,0.2518202546424473,1,False,7.45,12,-100.0
5943,5552,1799,1,0.34355343981430014,1,True,1.8,12,180.0
5955,5553,3337,0,0.2626242088850477,1,False,3.4,12,-100.0
5969,5554,2533,0,0.20313067554510192,1,False,8.15,11,-100.0
5974,5555,2059,0,0.29611668767345545,1,False,6.5,12,-100.0
5993,5556,549,0,0.3547258638161952,1,False,8.0,12,-100.0
6006,5557,1021,1,0.2708429922484826,1,True,2.65,14,265.0
6013,5558,309,0,0.37050552559109484,1,False,9.1,14,-100.0
6027,5559,3085,1,0.3414726802270979,1,True,2.45,13,245.00000000000003
6038,5560,504,0,0.2032098613748754,1,False,4.25,13,-100.0
6051,5561,2558,0,0.6079755666561462,1,False,4.45,13,-100.0
6072,5562,944,0,0.151290662509238,1,False,17.1,14,-100.0
6078,5563,1033,0,0.48557785578713014,1,False,4.15,14,-100.0
6092,5564,4300,0,0.22035807750728484,1,False,38.7,13,-100.0
6114,5565,1588,1,0.31162007001068825,1,True,2.0,14,200.0
6124,5566,2740,1,0.4446365085196916,1,True,2.65,14,265.0
6133,5567,3183,0,0.22352753337758874,1,False,10.15,12,-100.0
6148,5568,314,1,0.31876499365605016,1,True,2.0,12,200.0
6157,5569,3185,1,0.5106615384600095,1,True,2.15,12,215.0
6178,5570,3143,0,0.3126156956505778,1,False,3.65,12,-100.0
6185,5571,2836,1,0.32051542040711234,1,True,3.35,12,335.0
6200,5572,273,0,0.2849689942668032,1,False,27.7,12,-100.0
6205,5573,1290,1,0.4373235031653057,1,True,2.45,12,245.00000000000003
6225,5574,695,1,0.47513306955733897,1,True,2.2,12,220.00000000000003
6235,5575,1609,1,0.301996723700085,1,True,1.9,14,190.0
6247,5576,3726,0,0.2693832731358361,1,False,65.9,13,-100.0
6258,5577,3471,0,0.3634226160717833,1,False,43.4,12,-100.0
6269,5578,2623,1,0.27663389825869666,1,True,3.3,14,330.0
6282,5579,2530,1,0.2935451116339639,1,True,2.45,14,245.00000000000003
6296,5580,3764,1,0.2624604446786616,1,True,3.2,14,320.0
6314,5581,1702,1,0.4758916667325115,1,True,2.2,11,220.00000000000003
6329,5582,981,1,0.3515174349635287,1,True,3.1,14,310.0
6341,5583,4327,0,0.26840984286778846,1,False,5.75,13,-100.0
6352,5584,3147,0,0.3687522497419866,1,False,6.0,13,-100.0
6361,5585,2401,0,0.4333369175385028,1,False,17.85,12,-100.0
6378,5586,1603,1,0.36138924041082743,1,True,3.35,12,335.0
6393,5587,3202,1,0.5761837692812061,1,True,1.8,12,180.0
6397,5588,3968,0,0.20855753020799148,1,False,5.15,12,-100.0
6415,5589,730,0,0.30743284628986667,1,False,6.25,11,-100.0
6427,5590,841,0,0.3126735005793131,1,False,4.35,12,-100.0
6434,5591,3052,0,0.4090853924755598,1,False,19.25,12,-100.0
6452,5592,512,1,0.500001161703222,1,True,1.6,12,160.0
6463,5593,8,1,0.2995678577605927,1,True,2.4,14,240.0
6472,5594,2110,1,0.4536743379102366,1,True,2.05,12,204.99999999999997
6482,5595,626,0,0.33364540274448257,1,False,43.45,14,-100.0
6506,5596,11,0,0.36130253821512953,1,False,10.95,14,-100.0
6514,5597,638,1,0.2549695008485585,1,True,1.5,14,150.0
6537,5598,3953,0,0.3087878191142899,1,False,5.25,14,-100.0
6541,5599,2879,0,0.33669363255036794,1,False,6.15,13,-100.0
6551,5600,4004,0,0.2430964527824063,1,False,2.6,11,-100.0
6567,5601,88,1,0.4469074553294827,1,True,2.35,14,235.0
6583,5602,2145,0,0.35325422032373793,1,False,6.75,13,-100.0
6593,5603,3376,0,0.31147859631478253,1,False,2.6,14,-100.0
6615,5604,2112,0,0.3170687313455613,1,False,6.45,14,-100.0
6627,5605,2410,1,0.6826804781380148,1,True,1.85,14,185.0
6642,5606,1197,0,0.2063487882249744,1,False,6.95,14,-100.0
6647,5607,4277,0,0.26888163457631276,1,False,3.9,14,-100.0
6659,5608,272,1,0.35156299897150484,1,True,2.05,14,204.99999999999997
6675,5609,581,0,0.35314181127350547,1,False,22.3,13,-100.0
6691,5610,1188,0,0.4106553004665791,1,False,4.65,14,-100.0
6700,5611,1792,1,0.23978693768046694,1,True,3.55,10,355.0
6714,5612,1879,0,0.3907157409902062,1,False,10.7,12,-100.0
6729,5613,1021,0,0.5183527418891907,1,False,15.65,14,-100.0
6736,5614,2586,0,0.23901742392708744,1,False,20.7,14,-100.0
6755,5615,1374,0,0.3240489324290078,1,False,5.1,12,-100.0
6768,5616,1397,0,0.5023886139644089,1,False,27.25,12,-100.0
6778,5617,2589,0,0.3301829338337353,1,False,7.8,12,-100.0
6788,5618,4125,0,0.18707284259207987,1,False,26.1,12,-100.0
6805,5619,273,0,0.36378944643749067,1,False,63.85,12,-100.0
6818,5620,2581,1,0.26249662588171685,1,True,4.15,12,415.00000000000006
6831,5621,2593,0,0.25239017195109625,1,False,19.5,12,-100.0
6838,5622,2143,0,0.3586298081798168,1,False,5.9,12,-100.0
6850,5623,3624,0,0.2504806205589471,1,False,3.4,12,-100.0
6865,5624,1091,1,0.24685823528125198,1,True,3.05,14,305.0
6880,5625,841,0,0.35878549667350723,1,False,22.4,11,-100.0
6887,5626,3577,0,0.198447401515109,1,False,27.05,14,-100.0
6910,5627,3143,0,0.34148012719727505,1,False,7.25,14,-100.0
6917,5628,2734,0,0.35298260260566505,1,False,18.05,14,-100.0
6925,5629,2740,0,0.42456490698496563,1,False,2.15,12,-100.0
6937,5630,627,1,0.23952979782816114,1,True,4.1,14,409.99999999999994
6952,5631,624,0,0.19188251073965384,1,False,5.25,14,-100.0
6968,5632,932,0,0.24356342120974506,1,False,5.25,14,-100.0
6985,5633,955,0,0.2802238789754328,1,False,27.8,12,-100.0
6992,5634,1603,0,0.229768245241826,1,False,6.05,12,-100.0
7010,5635,2528,0,0.2879495763680062,1,False,2.9,12,-100.0
7022,5636,2493,0,0.2022975361085952,1,False,10.3,12,-100.0
7032,5637,2629,0,0.2652481013693029,1,False,9.6,12,-100.0
7041,5638,1082,1,0.25395054721351396,1,True,3.25,12,325.0
7057,5639,981,1,0.2476242677878849,1,True,3.8,12,380.0
7074,5640,1807,0,0.27209467555021094,1,False,20.05,12,-100.0
7081,5641,2107,0,0.2286314413024006,1,False,15.85,13,-100.0
7094,5642,107,0,0.24120872103537314,1,False,13.3,12,-100.0
7109,5643,3466,1,0.40574289501747685,1,True,2.6,12,260.0
7120,5644,1919,1,0.29076837717929777,1,True,2.75,13,275.0
7130,5645,295,0,0.2974927456098163,1,False,4.25,14,-100.0
7146,5646,4122,1,0.2753203579767105,1,True,3.9,14,390.0
7155,5647,1702,0,0.25690134350018234,1,False,12.75,12,-100.0
7174,5648,4276,1,0.5511336176212704,1,True,1.8,12,180.0
7188,5649,2867,0,0.28244942675800155,1,False,9.75,12,-100.0
7196,5650,2216,0,0.2639169316777735,1,False,5.9,12,-100.0
7205,5651,3802,1,0.3050398815985077,1,True,1.75,12,175.0
7219,5652,2622,1,0.19241185269508793,1,True,3.9,12,390.0
7230,5653,2811,1,0.26115787890581077,1,True,2.85,12,285.0
7241,5654,4107,0,0.226007187440117,1,False,3.25,11,-100.0
7248,5655,745,0,0.1987775661294295,1,False,5.05,12,-100.0
7263,5656,1844,0,0.2046704679005329,1,False,17.5,12,-100.0
7273,5657,512,0,0.37846864877990044,1,False,8.5,12,-100.0
7286,5658,2154,0,0.1975323911289295,1,False,3.75,12,-100.0
7303,5659,4282,0,0.28332917810423636,1,False,14.6,14,-100.0
7321,5660,1124,0,0.5054737659617177,1,False,9.65,14,-100.0
7331,5661,3523,0,0.244327815539841,1,False,74.25,14,-100.0
7339,5662,24,0,0.41868114965096526,1,False,20.3,14,-100.0
7355,5663,807,0,0.2954702503158074,1,False,8.4,14,-100.0
7372,5664,944,0,0.40262869530569406,1,False,122.4,10,-100.0
7383,5665,988,1,0.31405316185520127,1,True,4.2,14,420.0
7400,5666,2835,1,0.3009839610499473,1,True,2.45,12,245.00000000000003
7403,5667,1574,0,0.35154300115893694,1,False,11.55,12,-100.0
7415,5668,3639,0,0.386472118554069,1,False,9.2,14,-100.0
7431,5669,1601,0,0.24231033563580226,1,False,5.75,14,-100.0
7445,5670,1028,0,0.23043896876172223,1,False,5.2,13,-100.0
7456,5671,3763,1,0.3035026869831482,1,True,2.4,14,240.0
7473,5672,3469,0,0.270983150613207,1,False,3.55,14,-100.0
7484,5673,4274,0,0.22691078132884349,1,False,5.8,10,-100.0
7504,5674,2110,1,0.3692796568444705,1,True,2.3,13,229.99999999999997
7510,5675,3760,0,0.37016087336729203,1,False,25.2,14,-100.0
7520,5676,2558,0,0.451112665394806,1,False,8.55,12,-100.0
7536,5677,3580,1,0.2673470112977945,1,True,2.65,13,265.0
7549,5678,2830,0,0.3507116862051736,1,False,3.8,11,-100.0
7558,5679,2716,1,0.2235315906196072,1,True,3.25,14,325.0
7580,5680,83,0,0.3810297050554949,1,False,5.5,14,-100.0
7584,5681,1283,0,0.14472227746966224,1,False,6.15,10,-100.0
7596,5682,2529,0,0.2633132660926355,1,False,12.65,12,-100.0
7606,5683,602,0,0.2139418056245122,1,False,2.7,11,-100.0
7623,5684,273,0,0.2833156136960509,1,False,5.85,12,-100.0
7638,5685,314,0,0.24934449686664584,1,False,8.1,12,-100.0
7649,5686,848,0,0.33062086229396775,1,False,9.1,12,-100.0
7656,5687,981,0,0.2779520669598523,1,False,19.4,12,-100.0
7669,5688,404,1,0.2391532563181008,1,True,3.0,12,300.0
7688,5689,3336,1,0.39843972239289693,1,True,2.65,12,265.0
7689,5690,2105,1,0.2947436569083707,1,True,3.25,14,325.0
7705,5691,1959,0,0.24271476550009458,1,False,3.5,14,-100.0
7724,5692,955,0,0.30065895122255126,1,False,8.65,14,-100.0
7741,5693,272,0,0.33385644548121923,1,False,4.7,14,-100.0
7750,5694,1583,1,0.26474701906187004,1,True,4.15,12,415.00000000000006
7762,5695,1919,0,0.34495454963430683,1,False,2.9,14,-100.0
7776,5696,3525,0,0.5297139129002086,1,False,8.1,12,-100.0
7788,5697,2498,1,0.28816535040088465,1,True,3.2,14,320.0
7808,5698,1574,1,0.4317926680114101,1,True,3.2,14,320.0
7814,5699,2586,0,0.23468667771733845,1,False,8.65,14,-100.0
7825,5700,2220,0,0.3150863257974492,1,False,5.75,11,-100.0
7836,5701,1977,1,0.38675479604259955,1,True,2.65,12,265.0
7850,5702,3637,0,0.2266593848812061,1,False,18.55,14,-100.0
7864,5703,3466,1,0.3240628237512663,1,True,1.65,12,165.0
7881,5704,4269,0,0.31494879460362996,1,False,7.0,14,-100.0
7889,5705,1082,0,0.3207497264980921,1,False,5.85,11,-100.0
7901,5706,1799,0,0.2710292974806362,1,False,5.45,13,-100.0
7918,5707,3639,1,0.3732632989931334,1,True,1.5,12,150.0
7927,5708,4126,0,0.2808970095746026,1,False,13.15,11,-100.0
7938,5709,1021,0,0.4350318347081932,1,False,9.2,14,-100.0
7961,5710,246,0,0.13650127941855597,1,False,5.7,14,-100.0
7964,5711,1091,0,0.26911664663167456,1,False,25.0,14,-100.0
7982,5712,3536,1,0.3592977916547665,1,True,2.65,12,265.0
7989,5713,2716,0,0.38407423972990073,1,False,3.8,12,-100.0
8005,5714,398,1,0.3236671420814451,1,True,3.85,14,385.0
8024,5715,2528,0,0.23624017158378352,1,False,14.45,14,-100.0
8040,5716,3143,0,0.35726863323060865,1,False,24.2,14,-100.0
8045,5717,2402,0,0.35672021073503907,1,False,4.4,12,-100.0
8062,5718,301,0,0.36453103721407687,1,False,9.8,13,-100.0
8070,5719,2770,0,0.25811790444860927,1,False,2.9,14,-100.0
8094,5720,548,0,0.40935511986634326,1,False,9.05,14,-100.0
8102,5721,692,0,0.26641939242581636,1,False,10.5,11,-100.0
8108,5722,3552,0,0.3365714709259713,1,False,7.85,12,-100.0
8119,5723,1390,0,0.28229776386121286,1,False,4.5,12,-100.0
8134,5724,3004,0,0.2589031401277269,1,False,4.75,11,-100.0
8151,5725,314,1,0.2981787936528927,1,True,2.0,12,200.0
8160,5726,2144,0,0.260510367527316,1,False,4.95,12,-100.0
8167,5727,1940,1,0.371700417351611,1,True,2.6,11,260.0
8188,5728,2629,1,0.3272352900944939,1,True,2.45,12,245.00000000000003
8200,5729,3704,0,0.26248964601898983,1,False,15.35,14,-100.0
8214,5730,3523,1,0.3242988276363662,1,True,3.5,14,350.0
8217,5731,4122,0,0.3980969694227353,1,False,7.6,14,-100.0
8232,5732,1650,0,0.5820731086397658,1,False,10.8,14,-100.0
8249,5733,944,0,0.5128669701078876,1,False,5.55,11,-100.0
8261,5734,817,0,0.25149866337758714,1,False,4.4,14,-100.0
8271,5735,3780,0,0.3780087921383364,1,False,3.4,12,-100.0
8288,5736,11,0,0.3123067590836013,1,False,2.6,14,-100.0
8301,5737,2586,0,0.2146433181199769,1,False,4.5,14,-100.0
8313,5738,1195,0,0.35153131252366404,1,False,15.5,14,-100.0
8324,5739,2078,0,0.3076835807385786,1,False,5.0,12,-100.0
8338,5740,1885,1,0.29096854478537637,1,True,2.8,12,280.0
8348,5741,3539,1,0.4004920156782055,1,True,1.4,12,140.0
8365,5742,1921,0,0.39992740837138746,1,False,3.3,9,-100.0
8376,5743,273,1,0.3275485484982411,1,True,2.85,12,285.0
8390,5744,34,0,0.1917974930690114,1,False,7.15,11,-100.0
8392,5745,1290,0,0.39364868083364357,1,False,22.65,12,-100.0
8411,5746,2554,0,0.24666273150395435,1,False,50.15,12,-100.0
8426,5747,2811,1,0.23540600736892783,1,True,3.15,12,315.0
8432,5748,140,0,0.4618957336676395,1,False,15.65,12,-100.0
8440,5749,398,0,0.1572319853938044,1,False,5.45,14,-100.0
8459,5750,1318,0,0.36397923604004334,1,False,3.75,14,-100.0
8470,5751,2216,0,0.23416662628099982,1,False,18.25,12,-100.0
8481,5752,1153,0,0.21315396437377607,1,False,11.0,13,-100.0
8493,5753,3924,0,0.1514750117143794,1,False,4.45,11,-100.0
8511,5754,2110,0,0.2087879310182234,1,False,28.6,14,-100.0
8518,5755,2558,0,0.542079338112518,1,False,3.8,9,-100.0
8539,5756,548,0,0.32403994368197564,1,False,4.95,14,-100.0
8549,5757,3764,0,0.15163076267857678,1,False,12.55,14,-100.0
8556,5758,2582,0,0.2760284154069337,1,False,3.45,11,-100.0
8575,5759,4100,0,0.2885955804668023,1,False,19.2,11,-100.0
8579,5760,1603,0,0.311795231298947,1,False,40.75,12,-100.0
8591,5761,1092,0,0.21383535656693006,1,False,6.2,11,-100.0
8606,5762,3568,1,0.3790904168476951,1,True,2.05,12,204.99999999999997
8621,5763,1287,1,0.2553473684464482,1,True,3.4,12,340.0
8627,5764,547,1,0.2018834174987541,1,True,3.8,12,380.0
8645,5765,1971,0,0.24719091200706705,1,False,7.5,12,-100.0
8650,5766,1091,0,0.1884478747460236,1,False,6.7,14,-100.0
8662,5767,3536,1,0.39695195589098975,1,True,1.8,12,180.0
8674,5768,1792,1,0.4822519674473007,1,True,3.0,8,300.0
8691,5769,3704,1,0.30707369773357607,1,True,3.85,12,385.0
8702,5770,4098,0,0.543916048880559,1,False,9.7,12,-100.0
8715,5771,3109,0,0.2922569409662895,1,False,4.3,12,-100.0
8720,5772,1650,0,0.31470589005769545,1,False,34.75,14,-100.0
8741,5773,2145,0,0.21549124119722132,1,False,2.6,12,-100.0
8749,5774,1037,1,0.3361232513884957,1,True,3.2,14,320.0
8760,5775,2590,0,0.2778128972245292,1,False,5.9,13,-100.0
8775,5776,1021,1,0.2728455291327043,1,True,2.9,13,290.0
8784,5777,2220,0,0.4362419469539767,1,False,4.45,12,-100.0
8804,5778,2469,0,0.28892843125370304,1,False,16.2,12,-100.0
8808,5779,3431,0,0.3580894339713804,1,False,114.45,12,-100.0
8821,5780,4203,0,0.28218816707311933,1,False,18.3,12,-100.0
8832,5781,2529,0,0.29094144945206146,1,False,17.8,12,-100.0
8848,5782,2629,0,0.4214815725388595,1,False,11.05,12,-100.0
8858,5783,3336,0,0.31082184111037436,1,False,14.5,12,-100.0
8877,5784,4380,0,0.29273418387310585,1,False,6.7,12,-100.0
8880,5785,760,1,0.2881859756195868,1,True,2.7,13,270.0
8894,5786,4005,0,0.4565107182374325,1,False,9.55,6,-100.0
8899,5787,84,0,0.245538678976977,1,False,7.45,14,-100.0
8919,5788,311,0,0.2674643648672661,1,False,10.8,13,-100.0
8927,5789,305,0,0.2894310635764126,1,False,8.2,14,-100.0
8940,5790,897,1,0.2093499547859816,1,True,3.25,12,325.0
8954,5791,576,0,0.27159728826481444,1,False,5.0,14,-100.0
8970,5792,1225,1,0.2876610325238718,1,True,3.85,12,385.0
8983,5793,16,1,0.1684074254957623,1,True,4.15,14,415.00000000000006
8998,5794,11,0,0.36046709206768784,1,False,5.15,14,-100.0
9013,5795,2186,0,0.2853547057705283,1,False,36.45,12,-100.0
9021,5796,528,0,0.4082976632133713,1,False,7.05,12,-100.0
9030,5797,942,0,0.2448282881183002,1,False,32.1,12,-100.0
9047,5798,4288,0,0.32577276855272386,1,False,4.8,12,-100.0
9057,5799,120,0,0.25926732821578824,1,False,9.1,12,-100.0
9066,5800,4200,1,0.33497275231473483,1,True,3.45,12,345.0
9084,5801,1052,1,0.38806661217133215,1,True,2.5,12,250.0
9097,5802,1516,0,0.18671830344767915,1,False,5.6,12,-100.0
9103,5803,3208,0,0.22025419057487217,1,False,9.1,14,-100.0
9122,5804,140,0,0.47509901590438364,1,False,3.45,14,-100.0
9133,5805,970,0,0.4866494458175849,1,False,5.5,14,-100.0
9153,5806,1977,0,0.27054166801995216,1,False,8.8,14,-100.0
9168,5807,4100,0,0.1894843376692491,1,False,6.95,13,-100.0
9176,5808,160,0,0.14535781628545447,1,False,27.45,12,-100.0
9188,5809,2402,1,0.4050704864775913,1,True,1.65,12,165.0
9199,5810,2879,0,0.22097230417034774,1,False,4.4,14,-100.0
9210,5811,3780,1,0.32975908612713367,1,True,3.35,14,335.0
9234,5812,315,0,0.25580967635475377,1,False,4.9,14,-100.0
9244,5813,3495,0,0.22136610498537845,1,False,4.8,12,-100.0
9254,5814,25,0,0.35550389643918023,1,False,13.45,12,-100.0
9265,5815,273,0,0.25883680838315626,1,False,12.1,12,-100.0
9273,5816,2592,0,0.23980564485186404,1,False,23.35,12,-100.0
9294,5817,1885,1,0.1933903065108471,1,True,4.4,12,440.00000000000006
9304,5818,1157,0,0.27979735714711307,1,False,3.45,12,-100.0
9316,5819,2154,1,0.31406545478771314,1,True,4.25,10,425.0
9327,5820,3802,0,0.2853615581460158,1,False,6.55,12,-100.0
9337,5821,3974,0,0.17790748483222021,1,False,21.75,12,-100.0
9344,5822,1650,0,0.2467981706220241,1,False,4.4,14,-100.0
9357,5823,1153,1,0.2042893718729854,1,True,3.05,14,305.0
9373,5824,3568,0,0.2691262737647905,1,False,4.25,14,-100.0
9385,5825,4122,0,0.30184166362212594,1,False,7.05,14,-100.0
9400,5826,4169,1,0.12284527460740753,1,True,6.9,14,690.0
9414,5827,2965,0,0.26323080900383455,1,False,8.95,12,-100.0
9432,5828,301,0,0.23704145920437744,1,False,17.95,14,-100.0
9446,5829,1199,0,0.2634672219904244,1,False,6.15,14,-100.0
9460,5830,3539,0,0.40452431099011404,1,False,13.75,14,-100.0
9467,5831,309,0,0.2529889411815776,1,False,3.05,14,-100.0
9489,5832,816,1,0.22589964687768666,1,True,4.3,11,430.0
9496,5833,1939,1,0.2251853597350051,1,True,4.8,12,480.0
9510,5834,314,1,0.34916437595311384,1,True,1.8,12,180.0
9516,5835,398,0,0.4622864541920753,1,False,3.85,12,-100.0
9534,5836,2004,1,0.2633775113743143,1,True,3.95,12,395.0
9544,5837,3574,1,0.29287721382920034,1,True,4.1,12,409.99999999999994
9558,5838,3332,1,0.2659778352506015,1,True,4.05,12,405.0
9567,5839,988,1,0.3246832629197837,1,True,1.9,12,190.0
9580,5840,1124,1,0.4577207045130837,1,True,1.6,14,160.0
9601,5841,2112,0,0.2730450010000207,1,False,8.1,14,-100.0
9607,5842,218,0,0.35740629242671046,1,False,2.95,8,-100.0
9616,5843,841,0,0.33493090207784015,1,False,9.75,13,-100.0
9632,5844,1188,0,0.22668586958945378,1,False,10.4,14,-100.0
9643,5845,574,1,0.3565920216253291,1,True,3.0,14,300.0
9655,5846,2830,0,0.3388318417546301,1,False,6.65,8,-100.0
9662,5847,2591,0,0.5897163167868681,1,False,3.5,11,-100.0
9675,5848,2143,1,0.33292554836025157,1,True,2.95,13,295.0
9689,5849,1601,0,0.30882425990807993,1,False,7.75,14,-100.0
9705,5850,607,0,0.2552270177472102,1,False,7.0,12,-100.0
9720,5851,2243,0,0.400162226257813,1,False,15.7,14,-100.0
9730,5852,2867,1,0.3513916725997782,1,True,2.2,6,220.00000000000003
9743,5853,3464,0,0.3181114931285385,1,False,25.6,14,-100.0
9747,5854,1237,1,0.355346328296924,1,True,3.6,14,360.0
9760,5855,993,1,0.35625357204025615,1,True,2.75,12,275.0
9777,5856,2590,0,0.21629413529368618,1,False,11.1,14,-100.0
9791,5857,3515,0,0.2480182086287662,1,False,9.7,12,-100.0
9801,5858,4335,0,0.5563238168872517,1,False,4.25,5,-100.0
9802,5859,931,0,0.3519462743017952,1,False,8.35,14,-100.0
9820,5860,1298,0,0.2649722341416052,1,False,5.65,12,-100.0
9829,5861,970,0,0.3670875138156725,1,False,16.9,12,-100.0
9852,5862,3208,0,0.20023452110399853,1,False,6.05,14,-100.0
9863,5863,852,0,0.1885869892743599,1,False,5.7,14,-100.0
9873,5864,3536,0,0.39093010149435675,1,False,3.5,12,-100.0
9882,5865,1195,0,0.4537926592139323,1,False,20.9,14,-100.0
9895,5866,4386,0,0.23186402553747806,1,False,4.85,12,-100.0
9909,5867,3912,0,0.3689203032152312,1,False,30.85,14,-100.0
9930,5868,833,1,0.20678203019025096,1,True,3.15,14,315.0
9936,5869,611,0,0.2612787450094851,1,False,8.4,12,-100.0
9946,5870,325,0,0.22188723653681375,1,False,7.5,11,-100.0
9960,5871,3704,0,0.3568642616954148,1,False,29.1,12,-100.0
9969,5872,2737,0,0.2948543834897287,1,False,9.65,12,-100.0
9981,5873,1390,0,0.1593452496427104,1,False,5.15,12,-100.0
9997,5874,1287,1,0.4245677644317939,1,True,3.15,12,315.0
10013,5875,2421,0,0.18156342794910374,1,False,12.1,12,-100.0
10017,5876,1225,0,0.3023325525967844,1,False,9.45,10,-100.0
10034,5877,4380,1,0.21574032981686872,1,True,4.65,12,465.00000000000006
10040,5878,3363,0,0.17868940671849698,1,False,17.3,14,-100.0
10058,5879,3773,1,0.37640842043248407,1,True,2.55,6,254.99999999999997
10063,5880,140,0,0.24062472216335404,1,False,11.85,14,-100.0
10084,5881,1187,1,0.20999824181386778,1,True,3.55,12,355.0
10087,5882,1242,0,0.23238262646916383,1,False,13.35,12,-100.0
10097,5883,3575,0,0.2379371633737954,1,False,11.3,13,-100.0
10112,5884,2725,0,0.3771216528637198,1,False,7.9,14,-100.0
10127,5885,3539,1,0.401595136519176,1,True,1.9,12,190.0
10144,5886,1153,0,0.23455509144606815,1,False,4.85,14,-100.0
10154,5887,2516,1,0.2766341621239619,1,True,2.7,12,270.0
10172,5888,4157,0,0.46820519002446226,1,False,14.25,12,-100.0
10177,5889,2538,0,0.25023971437709863,1,False,11.35,11,-100.0
10188,5890,1885,1,0.38085248657305354,1,True,2.3,11,229.99999999999997
10204,5891,4096,0,0.27102634273290666,1,False,15.25,12,-100.0
10209,5892,1753,0,0.2818627859752598,1,False,15.05,12,-100.0
10222,5893,2180,0,0.23235697778897976,1,False,13.15,12,-100.0
10241,5894,271,0,0.27192929231982604,1,False,6.75,11,-100.0
10253,5895,83,0,0.24838053394733983,1,False,4.75,12,-100.0
10255,5896,124,1,0.2503131479264402,1,True,3.4,14,340.0
10281,5897,3179,0,0.2555966289945186,1,False,6.5,14,-100.0
10286,5898,4266,0,0.28745130931694163,1,False,9.1,14,-100.0
10310,5899,1695,0,0.2996429755114842,1,False,23.7,14,-100.0
10312,5900,944,0,0.41267122899224334,1,False,9.3,9,-100.0
10321,5901,1650,0,0.27317794911258075,1,False,16.15,14,-100.0
10341,5902,3384,1,0.13619285491980943,1,True,4.9,14,490.00000000000006
10350,5903,3569,0,0.18199926045665332,1,False,5.55,13,-100.0
10366,5904,1468,0,0.3259139324599603,1,False,14.25,14,-100.0
10381,5905,160,0,0.27984012987382734,1,False,9.6,14,-100.0
10396,5906,3974,0,0.3067570601463024,1,False,8.0,11,-100.0
10400,5907,3568,0,0.2957473138726721,1,False,10.85,12,-100.0
10413,5908,931,0,0.2309128996206868,1,False,4.5,12,-100.0
10425,5909,314,1,0.30469406923980935,1,True,2.65,12,265.0
10439,5910,4079,0,0.2690167845746281,1,False,4.25,12,-100.0
10457,5911,2089,1,0.36895836445616803,1,True,2.6,12,260.0
10467,5912,4200,1,0.46784718213882764,1,True,2.55,12,254.99999999999997
10473,5913,988,0,0.28147185862342383,1,False,6.45,12,-100.0
10484,5914,3941,0,0.5138397768690787,1,False,5.85,7,-100.0
10493,5915,1355,1,0.3903852361964097,1,True,1.5,14,150.0
10517,5916,3208,0,0.29726412317449036,1,False,7.15,14,-100.0
10522,5917,3805,0,0.240269464337806,1,False,6.85,10,-100.0
10532,5918,2022,0,0.24457965836558077,1,False,5.55,14,-100.0
10543,5919,1807,0,0.2657631258692484,1,False,10.25,14,-100.0
10563,5920,2402,0,0.23697881551516592,1,False,2.8,14,-100.0
10571,5921,2375,1,0.35458054627146834,1,True,2.15,12,215.0
10584,5922,3654,1,0.21456589937331103,1,True,2.6,10,260.0
10593,5923,4327,0,0.35490540616084937,1,False,6.2,14,-100.0
10609,5924,3536,0,0.2720022289001541,1,False,9.0,14,-100.0
10621,5925,1421,0,0.23734645311775832,1,False,30.65,12,-100.0
10633,5926,85,1,0.29096476298170115,1,True,2.55,12,254.99999999999997
10652,5927,4125,0,0.25584326950831626,1,False,8.0,12,-100.0
10658,5928,1474,0,0.32405330450491265,1,False,5.0,9,-100.0
10669,5929,4094,0,0.2659246504701275,1,False,4.4,12,-100.0
10679,5930,2629,0,0.23421787385141227,1,False,6.75,12,-100.0
10696,5931,2421,0,0.4208727778579364,1,False,7.6,11,-100.0
10701,5932,420,0,0.2948741118799282,1,False,16.95,12,-100.0
10722,5933,1908,0,0.14467650323210854,1,False,7.35,12,-100.0
10737,5934,328,1,0.27873395871149226,1,True,2.5,14,250.0
10742,5935,2740,0,0.2767904682779162,1,False,6.4,9,-100.0
10749,5936,626,0,0.3202163637072417,1,False,16.6,14,-100.0
10764,5937,2021,0,0.25620861214829904,1,False,12.75,12,-100.0
10783,5938,1187,0,0.25158988566308277,1,False,6.6,12,-100.0
10786,5939,2143,0,0.31528363343140153,1,False,8.15,12,-100.0
10799,5940,3511,0,0.31229753236723806,1,False,11.75,12,-100.0
10812,5941,3332,0,0.15325190920236934,1,False,27.65,13,-100.0
10832,5942,272,0,0.1867664455391117,1,False,27.25,14,-100.0
10847,5943,32,0,0.1821911137784454,1,False,5.35,12,-100.0
10853,5944,1846,1,0.2893188095847392,1,True,4.2,12,420.0
10869,5945,37,0,0.340151066371672,1,False,4.75,12,-100.0
10881,5946,2469,0,0.3858301503348241,1,False,6.8,12,-100.0
10896,5947,325,0,0.2659575701281631,1,False,24.05,12,-100.0
10899,5948,30,1,0.29892638250805376,1,True,4.1,12,409.99999999999994
10919,5949,2725,1,0.47955543417034296,1,True,2.2,12,220.00000000000003
10923,5950,1082,0,0.23793666394922852,1,False,10.1,12,-100.0
10934,5951,2420,0,0.19099708779781926,1,False,18.0,14,-100.0
10955,5952,3464,1,0.5878968713433552,1,True,2.15,13,215.0
10970,5953,3179,0,0.3979230588907692,1,False,6.1,14,-100.0
10983,5954,2016,0,0.31899867894696776,1,False,3.4,14,-100.0
10994,5955,4109,0,0.29812290866633107,1,False,17.9,12,-100.0
11006,5956,2498,0,0.5646115173075961,1,False,20.15,14,-100.0
11017,5957,2554,1,0.17473625752276417,1,True,4.85,14,484.99999999999994
11031,5958,1601,0,0.38863685842568213,1,False,11.65,14,-100.0
11046,5959,160,1,0.2582480398179654,1,True,4.05,13,405.0
11061,5960,4169,0,0.268034685108413,1,False,4.0,14,-100.0
11077,5961,2584,1,0.32896265826847537,1,True,5.2,12,520.0
11081,5962,1800,0,0.26216043584461785,1,False,8.85,12,-100.0
11101,5963,1846,0,0.338072765740266,1,False,5.05,12,-100.0
11111,5964,3028,0,0.2768851538223307,1,False,10.7,11,-100.0
11120,5965,1151,0,0.3664178942948281,1,False,10.45,10,-100.0
11126,5966,4200,1,0.41403431161151083,1,True,2.25,11,225.0
11143,5967,4096,0,0.3168198960172709,1,False,18.7,12,-100.0
11154,5968,4380,0,0.29432816388348854,1,False,6.5,12,-100.0
11167,5969,3336,1,0.3163967739791218,1,True,1.95,10,195.0
11173,5970,4183,0,0.39221966496269994,1,False,21.55,7,-100.0
11184,5971,1253,1,0.33211003477029233,1,True,4.15,14,415.00000000000006
11197,5972,4094,0,0.5983124608814415,1,False,5.65,14,-100.0
11208,5973,218,0,0.5967539964281213,1,False,5.75,8,-100.0
11216,5974,3575,0,0.2779133970270816,1,False,13.45,14,-100.0
11228,5975,2531,0,0.29193333053434256,1,False,6.8,14,-100.0
11247,5976,3805,0,0.2576700839673333,1,False,17.3,14,-100.0
11256,5977,3780,0,0.40101534523695304,1,False,9.3,8,-100.0
11265,5978,3536,0,0.3239784409965052,1,False,6.5,14,-100.0
11283,5979,993,0,0.34320869335439413,1,False,14.15,14,-100.0
11296,5980,1640,0,0.21309813580456596,1,False,3.45,14,-100.0
11311,5981,140,0,0.3598474736943789,1,False,13.45,14,-100.0
11320,5982,3208,0,0.29093604837041853,1,False,8.75,14,-100.0
11341,5983,1089,0,0.23489160888991265,1,False,6.0,14,-100.0
11349,5984,2022,1,0.2976914230716343,1,True,2.1,14,210.0
11370,5985,1524,1,0.22739611449347605,1,True,3.25,13,325.0
11376,5986,4269,0,0.2428868670513598,1,False,5.35,14,-100.0
11395,5987,3241,0,0.31347638260887534,1,False,8.7,14,-100.0
11411,5988,3773,1,0.615146528498924,1,True,2.25,11,225.0
11415,5989,1195,0,0.3773742030472853,1,False,6.5,14,-100.0
11435,5990,2498,0,0.24917172373221116,1,False,8.45,14,-100.0
11447,5991,3134,0,0.24231903640043395,1,False,6.45,12,-100.0
11454,5992,312,1,0.26049841753776404,1,True,2.75,12,275.0
11470,5993,2469,1,0.39913500087328097,1,True,2.3,12,229.99999999999997
11482,5994,2538,0,0.31977449087466586,1,False,8.2,12,-100.0
11500,5995,3145,0,0.23306387160603703,1,False,8.2,12,-100.0
11513,5996,1846,0,0.2721737721399756,1,False,3.9,12,-100.0
11524,5997,325,0,0.5737563026183654,1,False,3.45,12,-100.0
11532,5998,2725,0,0.25942645176486256,1,False,5.6,12,-100.0
11546,5999,1187,0,0.16209883911088657,1,False,6.1,12,-100.0
11561,6000,2112,0,0.2818531733697076,1,False,14.7,14,-100.0
11567,6001,2378,1,0.49393895114760145,1,True,1.85,14,185.0
11581,6002,328,1,0.379258719817992,1,True,1.9,14,190.0
11594,6003,3794,0,0.2247657213981969,1,False,7.85,14,-100.0
11609,6004,4355,0,0.27468436470991175,1,False,66.05,14,-100.0
11620,6005,213,0,0.2500052637885718,1,False,5.5,12,-100.0
11639,6006,272,0,0.3295428595682619,1,False,6.75,13,-100.0
11646,6007,3851,0,0.5189984620170995,1,False,14.75,14,-100.0
11669,6008,4109,0,0.19821252021198482,1,False,45.1,14,-100.0
11674,6009,2467,0,0.4177029063675662,1,False,7.05,12,-100.0
11693,6010,2865,1,0.3431859750501107,1,True,3.3,12,330.0
11698,6011,3568,0,0.42928907344970707,1,False,9.85,12,-100.0
11712,6012,1800,0,0.24926389610324742,1,False,12.55,12,-100.0
11721,6013,3332,0,0.24204140065871826,1,False,6.1,12,-100.0
11743,6014,2817,1,0.2759037781757129,1,True,4.65,12,465.00000000000006
11750,6015,85,0,0.13160986793131196,1,False,18.1,12,-100.0
11761,6016,1389,0,0.1501433444925036,1,False,15.0,12,-100.0
11775,6017,30,0,0.29792815372672155,1,False,4.5,12,-100.0
11781,6018,2740,1,0.2742180997044654,1,True,5.1,12,509.99999999999994
11793,6019,3941,0,0.29429062740778,1,False,6.25,14,-100.0
11814,6020,3363,0,0.07804616032657029,1,False,11.6,14,-100.0
11822,6021,3208,0,0.38715284964631674,1,False,25.7,14,-100.0
11839,6022,1012,1,0.4111335457579331,1,True,1.95,12,195.0
11850,6023,2404,1,0.13745527314628728,1,True,4.85,14,484.99999999999994
11865,6024,3464,0,0.2653071021163212,1,False,6.3,14,-100.0
11883,6025,1583,1,0.1428203536595576,1,True,5.15,11,515.0
11890,6026,2021,0,0.16455220610371096,1,False,40.55,14,-100.0
11907,6027,4365,1,0.1998415502819041,1,True,3.6,14,360.0
11916,6028,3536,0,0.21083531552961127,1,False,3.45,12,-100.0
11926,6029,1195,1,0.2889500219962147,1,True,4.1,13,409.99999999999994
11943,6030,3134,1,0.3498159783562046,1,True,2.7,12,270.0
11962,6031,1846,0,0.40290204061169893,1,False,25.5,12,-100.0
11973,6032,3774,0,0.3330342720423026,1,False,4.0,11,-100.0
11980,6033,4004,1,0.2726126657234721,1,True,4.2,10,420.0
11993,6034,1296,0,0.18732407068357343,1,False,7.0,12,-100.0
11999,6035,3576,0,0.21835574034711094,1,False,17.85,12,-100.0
12014,6036,3427,0,0.24181679378072632,1,False,4.95,12,-100.0
12024,6037,3528,0,0.17425611279315395,1,False,5.25,11,-100.0
12031,6038,84,1,0.22780254691335702,1,True,3.55,14,355.0
12047,6039,3456,0,0.2498608509428883,1,False,20.35,12,-100.0
12061,6040,3654,1,0.3492887021416361,1,True,1.85,7,185.0
12064,6041,327,0,0.20377203524906543,1,False,12.85,14,-100.0
12078,6042,1318,1,0.40101313028985863,1,True,2.3,12,229.99999999999997
12092,6043,213,1,0.3712754017525023,1,True,2.65,12,265.0
12114,6044,848,0,0.3235780847059414,1,False,16.25,14,-100.0
12120,6045,1588,1,0.7612837618348693,1,True,1.6,9,160.0
12131,6046,2498,0,0.2832774551852899,1,False,15.0,10,-100.0
12146,6047,4362,1,0.27907742449585554,1,True,3.65,12,365.0
12148,6048,1793,1,0.2448313731854884,1,True,3.7,14,370.0
12169,6049,1086,0,0.31271010748327,1,False,4.55,11,-100.0
12172,6050,2534,0,0.24709877086066162,1,False,12.4,12,-100.0
12184,6051,1199,0,0.2168206551141954,1,False,3.65,8,-100.0
12193,6052,2584,0,0.3369062308951164,1,False,19.7,11,-100.0
12205,6053,536,0,0.25741637343075613,1,False,5.5,12,-100.0
12221,6054,2725,0,0.28720938154769987,1,False,7.25,12,-100.0
12237,6055,2538,1,0.3043287429738735,1,True,4.8,11,480.0
12240,6056,30,1,0.413607697933705,1,True,2.35,12,235.0
12251,6057,1253,0,0.4401293528378549,1,False,25.65,14,-100.0
12265,6058,942,0,0.23206213113139706,1,False,4.85,14,-100.0
12286,6059,1183,0,0.2645978493311016,1,False,6.5,14,-100.0
12292,6060,311,0,0.421176812360214,1,False,16.45,14,-100.0
12306,6061,3434,0,0.2993464652288891,1,False,47.1,14,-100.0
12321,6062,1535,1,0.22959654933828758,1,True,4.05,14,405.0
12342,6063,4355,1,0.32044949559079094,1,True,3.7,14,370.0
12357,6064,2378,0,0.6537149954471952,1,False,14.2,13,-100.0
12372,6065,574,0,0.49158955719056835,1,False,14.25,13,-100.0
12380,6066,3580,0,0.26055543005984116,1,False,2.2,14,-100.0
12390,6067,4183,0,0.26905367232294086,1,False,16.05,14,-100.0
12404,6068,141,0,0.27535528793603814,1,False,7.95,14,-100.0
12424,6069,1187,0,0.23201793583897906,1,False,12.15,12,-100.0
12429,6070,3208,0,0.20651790819350438,1,False,36.25,14,-100.0
12448,6071,2273,0,0.35382044312112976,1,False,25.7,14,-100.0
12460,6072,3241,0,0.2166671582432471,1,False,5.25,14,-100.0
12471,6073,3851,0,0.3805988501541648,1,False,5.3,14,-100.0
12486,6074,3637,1,0.37165839599221406,1,True,2.75,14,275.0
12505,6075,2974,1,0.28160141620271856,1,True,4.2,12,420.0
12522,6076,24,0,0.29396628559216154,1,False,8.55,14,-100.0
12537,6077,1012,1,0.4126144028619113,1,True,2.05,14,204.99999999999997
12538,6078,3144,0,0.35721184131168776,1,False,15.85,12,-100.0
12559,6079,1938,0,0.6809968807703947,1,False,11.4,11,-100.0
12563,6080,942,1,0.34813986713343964,1,True,2.45,12,245.00000000000003
12575,6081,1753,1,0.24859130000854351,1,True,3.15,12,315.0
12591,6082,1086,0,0.28541642447740234,1,False,10.95,12,-100.0
12602,6083,3000,0,0.14260964946907972,1,False,2.7,12,-100.0
12611,6084,1092,0,0.2938501025339254,1,False,4.4,11,-100.0
12623,6085,3336,1,0.3626946927776151,1,True,2.8,12,280.0
12633,6086,1804,0,0.32978417006662,1,False,10.35,11,-100.0
12643,6087,3208,0,0.331213568639385,1,False,10.25,14,-100.0
12662,6088,729,1,0.2820644566538402,1,True,4.1,13,409.99999999999994
12678,6089,2463,0,0.3666004728189978,1,False,4.25,14,-100.0
12689,6090,1210,0,0.3451426467102757,1,False,4.95,14,-100.0
12704,6091,4254,0,0.2667105095896478,1,False,4.85,14,-100.0
12714,6092,2021,0,0.29935167530981277,1,False,9.55,13,-100.0
12737,6093,328,1,0.31609871845397064,1,True,3.05,13,305.0
12738,6094,3654,1,0.33073307359001125,1,True,1.85,9,185.0
12757,6095,2378,1,0.4843521286014976,1,True,1.65,14,165.0
12766,6096,3260,0,0.2896076999736802,1,False,3.65,14,-100.0
12779,6097,420,0,0.2894129521758717,1,False,20.55,14,-100.0
12790,6098,1999,0,0.38173609317515583,1,False,9.45,14,-100.0
12804,6099,3179,0,0.3739793850106527,1,False,67.4,14,-100.0
12822,6100,3336,1,0.36808429498366574,1,True,2.85,11,285.0
12828,6101,3577,1,0.2792272939695416,1,True,5.0,13,500.0
12843,6102,1650,0,0.28788532952466794,1,False,6.65,13,-100.0
12857,6103,4329,0,0.3091027104989285,1,False,16.35,14,-100.0
12874,6104,3972,0,0.26287674943863504,1,False,5.05,14,-100.0
12885,6105,1640,0,0.3821853669983171,1,False,9.95,14,-100.0
12899,6106,1601,0,0.23289083001953265,1,False,3.55,12,-100.0
12909,6107,1793,0,0.31022223776498514,1,False,16.2,14,-100.0
12930,6109,90,0,0.3351228626278756,1,False,6.4,14,-100.0
12946,6110,3726,0,0.3174020038974451,1,False,1.95,12,-100.0
12956,6111,3641,0,0.21365900164029242,1,False,3.8,13,-100.0
12961,6112,4081,0,0.3979564047378403,1,False,11.3,12,-100.0
12974,6113,137,0,0.32090474351398035,1,False,12.45,14,-100.0
12990,6114,4266,0,0.39677840036894746,1,False,5.4,11,-100.0
13003,6115,456,0,0.2953161322217671,1,False,3.75,12,-100.0
13016,6116,419,1,0.34932537793941476,1,True,3.5,10,350.0
13024,6117,160,0,0.48666585381393757,1,False,268.75,12,-100.0
13041,6118,574,1,0.4523364209143222,1,True,1.7,14,170.0
13050,6119,3641,0,0.13489811949934863,1,False,7.45,14,-100.0
13063,6120,1352,1,0.4904228661181006,1,True,1.55,12,155.0
13074,6121,115,0,0.2671658378406757,1,False,12.7,12,-100.0
13085,6122,4335,0,0.2657828246818792,1,False,11.5,14,-100.0
13099,6123,1650,0,0.35816957509890507,1,False,16.05,14,-100.0
13113,6124,1640,1,0.31075175075560413,1,True,2.05,12,204.99999999999997
13130,6125,3241,1,0.28103026010084353,1,True,2.95,14,295.0
13141,6126,1540,0,0.32212920392971534,1,False,4.8,14,-100.0
13158,6127,2498,1,0.3354160044579338,1,True,2.85,14,285.0
13169,6128,3368,1,0.5074994177904395,1,True,1.7,14,170.0
13188,6129,1846,0,0.3379898756289389,1,False,77.45,10,-100.0
13190,6130,729,0,0.3773472458155847,1,False,3.55,12,-100.0
13204,6131,4094,0,0.3598356062340681,1,False,6.75,12,-100.0
13222,6132,1970,0,0.3258433573651093,1,False,4.25,12,-100.0
13230,6133,579,1,0.2033786831027421,1,True,4.8,12,480.0
13239,6134,3670,0,0.22977481036067154,1,False,6.25,12,-100.0
13251,6135,2089,0,0.3253531831163893,1,False,14.85,12,-100.0
13267,6136,848,0,0.327131329595716,1,False,4.15,12,-100.0
13278,6137,2288,0,0.21224746250623458,1,False,8.8,14,-100.0
13293,6138,880,1,0.3588342237480867,1,True,3.65,10,365.0
13311,6139,2869,0,0.3285931300657603,1,False,4.3,14,-100.0
13318,6140,1183,0,0.3143978743187791,1,False,2.9,14,-100.0
13334,6141,1083,0,0.3568912950961771,1,False,33.95,11,-100.0
13337,6142,4081,0,0.3116143833053443,1,False,3.15,14,-100.0
13361,6143,2464,0,0.316843117393656,1,False,5.65,12,-100.0
13374,6144,3470,1,0.3786580672880092,1,True,2.3,13,229.99999999999997
13386,6145,246,0,0.15597956704519822,1,False,21.55,14,-100.0
13395,6146,529,0,0.14360270174711554,1,False,6.7,14,-100.0
13409,6147,2468,0,0.23235783782857786,1,False,6.15,12,-100.0
13421,6148,602,0,0.4704230637437997,1,False,4.2,11,-100.0
13437,6149,2737,0,0.5954379029139212,1,False,10.75,11,-100.0
13447,6150,32,0,0.27596458987405303,1,False,8.35,12,-100.0
13454,6151,846,0,0.26041197634797764,1,False,7.05,12,-100.0
13462,6152,3571,0,0.14886109024065886,1,False,5.6,10,-100.0
13473,6153,1266,0,0.34642425163372276,1,False,47.85,12,-100.0
13491,6154,2249,0,0.3409628929030943,1,False,4.4,12,-100.0
13497,6155,3208,1,0.3291190966021944,1,True,2.1,14,210.0
13510,6156,327,1,0.21180884052757,1,True,3.7,10,370.0
13523,6157,4334,0,0.16539674058013773,1,False,32.15,14,-100.0
13538,6158,574,0,0.31605860950782494,1,False,19.0,10,-100.0
13555,6159,3726,0,0.15874970379073272,1,False,7.4,14,-100.0
13562,6160,2781,1,0.3519701698377649,1,True,2.2,14,220.00000000000003
13581,6161,2576,0,0.3517277639910861,1,False,6.1,14,-100.0
13586,6162,2577,0,0.22692871862987268,1,False,5.6,7,-100.0
13602,6163,1012,0,0.34661521689501346,1,False,29.2,14,-100.0
13617,6164,160,1,0.23597520477609674,1,True,2.1,12,210.0
13621,6165,4362,0,0.385519056711284,1,False,51.0,14,-100.0
13643,6166,3510,1,0.46536868357704547,1,True,2.8,12,280.0
13646,6167,1086,0,0.32351915337865556,1,False,7.55,12,-100.0
13660,6168,1540,1,0.3347575173874161,1,True,2.9,12,290.0
13676,6169,1296,0,0.17287320554620234,1,False,4.95,12,-100.0
13682,6170,536,1,0.34455758250577107,1,True,2.65,11,265.0
13695,6171,2817,1,0.1492588148020101,1,True,5.2,12,520.0
13712,6172,3340,0,0.2939794896003941,1,False,41.7,12,-100.0
13727,6173,4094,0,0.35692240932495894,1,False,12.0,12,-100.0
13731,6174,834,1,0.14805796545492467,1,True,6.3,9,630.0
13748,6175,90,0,0.22807814470201496,1,False,10.55,14,-100.0
13757,6176,1284,0,0.2431261445699361,1,False,62.75,10,-100.0
13771,6177,845,0,0.29577811729368797,1,False,7.4,14,-100.0
13785,6178,3113,0,0.27469217364296666,1,False,13.55,12,-100.0
13797,6179,2555,0,0.2885986685505907,1,False,10.1,13,-100.0
13804,6180,3577,1,0.24741634056763398,1,True,2.6,11,260.0
13813,6181,309,0,0.12658706807087144,1,False,6.8,14,-100.0
13832,6182,519,0,0.43410143364709375,1,False,10.05,14,-100.0
13851,6183,137,0,0.2785521388719612,1,False,10.65,14,-100.0
13853,6184,4100,1,0.435277720058988,1,True,2.35,12,235.0
13869,6185,2288,1,0.24271381775958187,1,True,2.9,12,290.0
13878,6186,30,1,0.31153678694410214,1,True,2.8,10,280.0
13898,6187,4107,1,0.25723678120354876,1,True,4.9,12,490.00000000000006
13903,6188,4004,0,0.2853402120221509,1,False,11.9,10,-100.0
13909,6189,2464,0,0.15407031252477807,1,False,13.85,12,-100.0
13932,6190,2737,1,0.2518643292163957,1,True,4.5,12,450.0
13940,6191,3316,0,0.2700610635256727,1,False,12.15,12,-100.0
13945,6192,4029,0,0.3387595298826918,1,False,3.25,12,-100.0
13957,6193,2537,0,0.3961285051642019,1,False,4.35,14,-100.0
13972,6194,2273,0,0.24329653780739224,1,False,11.35,14,-100.0
13989,6195,1083,0,0.15643075792079186,1,False,4.4,12,-100.0
13997,6196,3797,0,0.2568276411429685,1,False,8.55,14,-100.0
14017,6197,2250,0,0.32101587250479247,1,False,13.35,13,-100.0
14035,6198,246,0,0.14900029876959675,1,False,12.45,14,-100.0
14040,6199,419,0,0.1825742855302469,1,False,4.65,12,-100.0
14051,6200,2770,1,0.32315260256674405,1,True,3.5,14,350.0
14068,6201,2498,0,0.28418294767559077,1,False,3.05,14,-100.0
14086,6202,3368,0,0.4669004088559076,1,False,6.6,14,-100.0
14095,6203,3144,0,0.2554919520118699,1,False,6.5,12,-100.0
14109,6204,2468,1,0.49351843371822246,1,True,2.35,12,235.0
14118,6205,3658,0,0.24519378723069937,1,False,7.9,12,-100.0
14131,6206,3718,0,0.1873509486707127,1,False,16.2,12,-100.0
14146,6207,4081,0,0.29781392891564856,1,False,9.7,10,-100.0
14153,6208,2004,0,0.23768263379989124,1,False,29.1,12,-100.0
14162,6209,1540,0,0.3509608599683856,1,False,3.0,12,-100.0
14174,6210,1266,0,0.28619106660577115,1,False,15.7,12,-100.0
14192,6211,1467,1,0.18052195812858432,1,True,6.7,12,670.0
14207,6212,2038,0,0.15621388044416112,1,False,5.2,14,-100.0
14218,6213,4334,0,0.2527640823499315,1,False,12.85,14,-100.0
14231,6214,970,0,0.26821121229180683,1,False,9.3,14,-100.0
14249,6215,3525,1,0.41245317938150644,1,True,2.45,11,245.00000000000003
14263,6216,1352,1,0.510269641802604,1,True,1.65,14,165.0
14267,6217,2402,1,0.27005460360832434,1,True,3.0,12,300.0
14280,6218,1468,0,0.31888647311830526,1,False,20.0,14,-100.0
14300,6219,160,0,0.5354669180887939,1,False,21.2,11,-100.0
14310,6220,3580,0,0.31324955063349097,1,False,7.95,14,-100.0
14325,6221,32,0,0.3840263451844233,1,False,19.55,11,-100.0
14329,6222,726,0,0.23215449662118223,1,False,5.55,12,-100.0
14350,6223,4096,1,0.2867131350873058,1,True,3.05,12,305.0
14354,6224,1355,0,0.20976159400762645,1,False,13.9,12,-100.0
14365,6225,1921,0,0.354249959963381,1,False,5.3,10,-100.0
14377,6226,3568,1,0.30014452005624803,1,True,3.35,12,335.0
14394,6227,3340,1,0.27452379727756326,1,True,3.25,11,325.0
14404,6228,3513,0,0.4633028516579305,1,False,6.2,11,-100.0
14415,6229,3510,1,0.2700135876464329,1,True,3.8,12,380.0
14424,6230,634,1,0.21447895019859775,1,True,4.85,12,484.99999999999994
14432,6231,511,0,0.16308290516771223,1,False,13.35,12,-100.0
14446,6232,83,0,0.2660188059864995,1,False,6.2,12,-100.0
14456,6233,2004,0,0.19941988443448264,1,False,17.8,12,-100.0
14473,6234,1278,0,0.37190509428145274,1,False,24.55,12,-100.0
14488,6235,1390,0,0.30495033845675795,1,False,6.5,12,-100.0
14502,6236,2817,0,0.3156561570814059,1,False,5.7,12,-100.0
14512,6237,1804,0,0.2644781793867363,1,False,4.4,12,-100.0
14524,6238,2869,1,0.2823436308871508,1,True,3.9,12,390.0
14536,6239,3624,0,0.3834039477284176,1,False,15.1,12,-100.0
14543,6240,2468,1,0.33238960432102166,1,True,3.25,12,325.0
14556,6241,1083,0,0.20604879694567418,1,False,12.1,12,-100.0
14564,6242,1188,1,0.3636634687606696,1,True,3.05,12,305.0
14579,6243,2151,0,0.21143883652564202,1,False,8.15,12,-100.0
14594,6244,2404,1,0.21042610825151767,1,True,3.25,12,325.0
14608,6245,2555,0,0.22018193296772434,1,False,20.8,14,-100.0
14625,6246,18,1,0.25205649238672234,1,True,2.4,14,240.0
14628,6247,4029,0,0.3652895777987721,1,False,3.7,12,-100.0
14646,6248,1296,0,0.18926709849882573,1,False,30.45,14,-100.0
14656,6249,2378,0,0.45244513987184265,1,False,5.15,12,-100.0
14666,6250,109,0,0.09979272458655825,1,False,82.15,14,-100.0
14684,6251,3058,0,0.419078572727913,1,False,12.1,14,-100.0
14696,6252,1543,1,0.1921550284681785,1,True,2.65,14,265.0
14720,6253,3580,0,0.2228844646853399,1,False,29.2,14,-100.0
14729,6254,4243,0,0.2205557389113889,1,False,26.55,14,-100.0
14742,6255,4098,0,0.4994629033900522,1,False,5.65,13,-100.0
14751,6256,222,1,0.2703970639447868,1,True,2.7,14,270.0
14764,6257,3144,0,0.2990589941364124,1,False,9.55,10,-100.0
14776,6258,726,0,0.19404956051342578,1,False,9.7,12,-100.0
14784,6259,874,0,0.30109908967818677,1,False,8.35,12,-100.0
14802,6260,4107,0,0.2831224156840978,1,False,13.4,12,-100.0
14813,6261,2534,1,0.2660412520788126,1,True,3.9,12,390.0
14821,6262,2811,1,0.24737601618245939,1,True,3.15,10,315.0
14831,6263,3912,0,0.17667419918239285,1,False,26.45,12,-100.0
14853,6264,1540,1,0.28595639322926514,1,True,3.85,12,385.0
14862,6265,4192,1,0.2218014107673885,1,True,2.85,11,285.0
14865,6266,2273,1,0.14586464459784418,1,True,2.2,14,220.00000000000003
14885,6267,2348,1,0.15949716457198226,1,True,5.05,14,505.0
14893,6268,2022,1,0.27368160032556477,1,True,3.55,14,355.0
14910,6269,2151,0,0.4203438746574336,1,False,4.65,14,-100.0
14922,6270,1925,1,0.18133573552030008,1,True,5.3,14,530.0
14937,6271,3577,0,0.3889745279035624,1,False,8.4,14,-100.0
14951,6272,4362,0,0.34280065993193104,1,False,5.0,14,-100.0
14968,6273,655,0,0.17879327978548826,1,False,5.3,14,-100.0
14987,6274,3955,0,0.1744315995993007,1,False,12.6,14,-100.0
14994,6275,4108,0,0.2973852896414686,1,False,8.75,12,-100.0
15006,6276,1210,1,0.4361528230216777,1,True,1.65,12,165.0
15023,6277,935,0,0.23126051161363942,1,False,4.5,12,-100.0
15031,6278,4096,0,0.2336952966767654,1,False,36.2,11,-100.0
15038,6279,511,0,0.2548347809123261,1,False,4.15,9,-100.0
15056,6280,536,0,0.17918478361794749,1,False,10.05,11,-100.0
15065,6281,3571,1,0.4921473864063969,1,True,1.95,12,195.0
15071,6282,1124,1,0.3913130601559527,1,True,2.75,11,275.0
15082,6283,83,0,0.22252543239200356,1,False,8.05,14,-100.0
15097,6284,108,0,0.2203375813707683,1,False,6.05,14,-100.0
15122,6285,2537,0,0.2638514923673878,1,False,7.45,14,-100.0
15136,6286,246,0,0.2482261240397643,1,False,18.05,14,-100.0
15150,6287,4243,1,0.19069436028555703,1,True,2.85,14,285.0
15153,6288,3044,0,0.20682306241058876,1,False,7.05,9,-100.0
15162,6289,2248,1,0.22316116895801902,1,True,3.3,10,330.0
15173,6290,3728,0,0.2204899115179237,1,False,43.1,10,-100.0
15189,6291,3368,0,0.6220921881831897,1,False,6.05,14,-100.0
15205,6292,3539,0,0.44034754519134134,1,False,15.05,14,-100.0
15208,6293,1997,0,0.24566519279291876,1,False,15.3,12,-100.0
15222,6294,3510,0,0.4703431425388142,1,False,10.15,11,-100.0
15234,6295,4332,0,0.2876841323634415,1,False,27.55,12,-100.0
15244,6296,1149,0,0.25056288864745424,1,False,11.2,12,-100.0
15259,6297,2004,1,0.388773408505689,1,True,1.95,12,195.0
15272,6298,1319,0,0.2618366844817738,1,False,13.65,12,-100.0
15288,6299,1800,0,0.3427258117561905,1,False,8.85,12,-100.0
15293,6300,458,0,0.16991524981078274,1,False,8.9,12,-100.0
15313,6301,1693,0,0.19211758331888318,1,False,13.95,14,-100.0
15324,6302,18,0,0.20870603001690222,1,False,12.25,14,-100.0
15333,6303,109,0,0.18992264381177149,1,False,4.1,14,-100.0
15348,6304,305,1,0.27215479363403383,1,True,2.9,12,290.0
15362,6305,3456,0,0.19832202828905526,1,False,5.45,11,-100.0
15371,6306,3058,1,0.41862898514776214,1,True,2.1,14,210.0
15391,6307,3337,0,0.3819332368338634,1,False,12.55,14,-100.0
15404,6308,2844,1,0.26975114912329523,1,True,3.65,12,365.0
15412,6309,1468,0,0.2351328943201148,1,False,18.5,14,-100.0
15433,6310,1543,0,0.22054219838313888,1,False,11.35,14,-100.0
15448,6311,222,0,0.30075163901404356,1,False,8.45,14,-100.0
15457,6312,2869,0,0.21279989687057838,1,False,19.25,12,-100.0
15469,6313,2115,1,0.22916968017275408,1,True,4.0,12,400.0
15477,6314,581,0,0.3967635822121154,1,False,4.5,12,-100.0
15487,6315,4029,1,0.31224941909651543,1,True,2.75,12,275.0
15505,6316,3494,0,0.174562879742224,1,False,17.55,12,-100.0
15520,6317,2232,0,0.3232999680966411,1,False,24.4,12,-100.0
15531,6318,2817,0,0.602028446130298,1,False,3.6,12,-100.0
15541,6319,579,1,0.24988380372232838,1,True,4.0,12,400.0
15549,6320,415,1,0.24427036708008967,1,True,3.25,12,325.0
15558,6321,3113,1,0.3037863331717173,1,True,2.85,14,285.0
15580,6322,3543,0,0.2570908988370352,1,False,7.25,12,-100.0
15584,6323,3515,1,0.1562138996176321,1,True,4.7,12,470.0
15606,6324,2468,0,0.3285657367325455,1,False,7.15,14,-100.0
15623,6325,1210,1,0.2044704632951801,1,True,3.15,14,315.0
15630,6326,28,0,0.2790097333444126,1,False,7.85,13,-100.0
15645,6327,4380,0,0.3102952346728512,1,False,5.8,14,-100.0
15660,6328,1856,1,0.22538372437934823,1,True,4.0,14,400.0
15675,6329,1188,0,0.3451674395566197,1,False,21.85,12,-100.0
15680,6330,726,0,0.26442697808676874,1,False,6.65,12,-100.0
15695,6331,3568,0,0.3168767960373272,1,False,6.4,12,-100.0
15703,6332,2378,1,0.31022387415528396,1,True,2.45,12,245.00000000000003
15719,6333,3542,0,0.34790664842619434,1,False,3.45,12,-100.0
15730,6334,3310,1,0.42308450324833785,1,True,2.65,12,265.0
15737,6335,3572,1,0.31480719490608294,1,True,1.95,11,195.0
15748,6336,874,0,0.2826095150383081,1,False,9.15,12,-100.0
15762,6337,301,0,0.28597637803862264,1,False,29.15,11,-100.0
15772,6338,3571,0,0.3201444247425075,1,False,33.55,12,-100.0
15786,6339,1352,0,0.4134072202080954,1,False,21.6,14,-100.0
15808,6340,3954,0,0.3221884200975756,1,False,5.5,14,-100.0
15821,6341,1543,0,0.5205639493720977,1,False,4.95,14,-100.0
15825,6342,4064,0,0.6252915956204882,1,False,20.45,14,-100.0
15840,6343,2402,0,0.2158148706898725,1,False,7.55,13,-100.0
15858,6344,4362,0,0.22655500413950186,1,False,3.8,10,-100.0
15862,6345,1033,0,0.3066145059847991,1,False,6.0,14,-100.0
15877,6346,2375,1,0.4897961007038705,1,True,1.75,12,175.0
15896,6347,3539,1,0.2043197011689949,1,True,1.6,14,160.0
15906,6348,3368,0,0.49649304794006693,1,False,13.4,14,-100.0
